ARM GAS  /tmp/ccaH4Grf.s 			page 1


   1              		.cpu cortex-m4
   2              		.arch armv7e-m
   3              		.fpu fpv4-sp-d16
   4              		.eabi_attribute 27, 1
   5              		.eabi_attribute 28, 1
   6              		.eabi_attribute 20, 1
   7              		.eabi_attribute 21, 1
   8              		.eabi_attribute 23, 3
   9              		.eabi_attribute 24, 1
  10              		.eabi_attribute 25, 1
  11              		.eabi_attribute 26, 1
  12              		.eabi_attribute 30, 1
  13              		.eabi_attribute 34, 1
  14              		.eabi_attribute 18, 4
  15              		.file	"main.c"
  16              		.text
  17              	.Ltext0:
  18              		.cfi_sections	.debug_frame
  19              		.file 1 "Core/Src/main.c"
  20              		.section	.text.MX_GPIO_Init,"ax",%progbits
  21              		.align	1
  22              		.syntax unified
  23              		.thumb
  24              		.thumb_func
  26              	MX_GPIO_Init:
  27              	.LFB141:
   1:Core/Src/main.c **** /* USER CODE BEGIN Header */
   2:Core/Src/main.c **** /**
   3:Core/Src/main.c ****   ******************************************************************************
   4:Core/Src/main.c ****   * @file           : main.c
   5:Core/Src/main.c ****   * @brief          : Main program body
   6:Core/Src/main.c ****   ******************************************************************************
   7:Core/Src/main.c ****   * @attention
   8:Core/Src/main.c ****   *
   9:Core/Src/main.c ****   * Copyright (c) 2026 STMicroelectronics.
  10:Core/Src/main.c ****   * All rights reserved.
  11:Core/Src/main.c ****   *
  12:Core/Src/main.c ****   * This software is licensed under terms that can be found in the LICENSE file
  13:Core/Src/main.c ****   * in the root directory of this software component.
  14:Core/Src/main.c ****   * If no LICENSE file comes with this software, it is provided AS-IS.
  15:Core/Src/main.c ****   *
  16:Core/Src/main.c ****   ******************************************************************************
  17:Core/Src/main.c ****   */
  18:Core/Src/main.c **** /* USER CODE END Header */
  19:Core/Src/main.c **** /* Includes ------------------------------------------------------------------*/
  20:Core/Src/main.c **** #include "main.h"
  21:Core/Src/main.c **** #include "cmsis_os.h"
  22:Core/Src/main.c **** 
  23:Core/Src/main.c **** /* Private includes ----------------------------------------------------------*/
  24:Core/Src/main.c **** /* USER CODE BEGIN Includes */
  25:Core/Src/main.c **** 
  26:Core/Src/main.c **** /* USER CODE END Includes */
  27:Core/Src/main.c **** 
  28:Core/Src/main.c **** /* Private typedef -----------------------------------------------------------*/
  29:Core/Src/main.c **** /* USER CODE BEGIN PTD */
  30:Core/Src/main.c **** 
  31:Core/Src/main.c **** /* USER CODE END PTD */
ARM GAS  /tmp/ccaH4Grf.s 			page 2


  32:Core/Src/main.c **** 
  33:Core/Src/main.c **** /* Private define ------------------------------------------------------------*/
  34:Core/Src/main.c **** /* USER CODE BEGIN PD */
  35:Core/Src/main.c **** 
  36:Core/Src/main.c **** /* USER CODE END PD */
  37:Core/Src/main.c **** 
  38:Core/Src/main.c **** /* Private macro -------------------------------------------------------------*/
  39:Core/Src/main.c **** /* USER CODE BEGIN PM */
  40:Core/Src/main.c **** 
  41:Core/Src/main.c **** /* USER CODE END PM */
  42:Core/Src/main.c **** 
  43:Core/Src/main.c **** /* Private variables ---------------------------------------------------------*/
  44:Core/Src/main.c **** // osThreadId defaultTaskHandle;
  45:Core/Src/main.c **** // osThreadId ledHandle;
  46:Core/Src/main.c **** // osThreadId buttonHandle;
  47:Core/Src/main.c **** 
  48:Core/Src/main.c **** TaskHandle_t defaultTaskHandle;
  49:Core/Src/main.c **** TaskHandle_t ledHandle;
  50:Core/Src/main.c **** TaskHandle_t buttonHandle;
  51:Core/Src/main.c **** 
  52:Core/Src/main.c **** /* USER CODE BEGIN PV */
  53:Core/Src/main.c **** uint32_t buttonCount = 0;
  54:Core/Src/main.c **** 
  55:Core/Src/main.c **** /* USER CODE END PV */
  56:Core/Src/main.c **** 
  57:Core/Src/main.c **** /* Private function prototypes -----------------------------------------------*/
  58:Core/Src/main.c **** void SystemClock_Config(void);
  59:Core/Src/main.c **** static void MX_GPIO_Init(void);
  60:Core/Src/main.c **** void StartDefaultTask(void const * argument);
  61:Core/Src/main.c **** void ledFlashTask(void const * argument);
  62:Core/Src/main.c **** void buttonClickTask(void const * argument);
  63:Core/Src/main.c **** 
  64:Core/Src/main.c **** /* USER CODE BEGIN PFP */
  65:Core/Src/main.c **** 
  66:Core/Src/main.c **** /* USER CODE END PFP */
  67:Core/Src/main.c **** 
  68:Core/Src/main.c **** /* Private user code ---------------------------------------------------------*/
  69:Core/Src/main.c **** /* USER CODE BEGIN 0 */
  70:Core/Src/main.c **** 
  71:Core/Src/main.c **** /* USER CODE END 0 */
  72:Core/Src/main.c **** 
  73:Core/Src/main.c **** /**
  74:Core/Src/main.c ****   * @brief  The application entry point.
  75:Core/Src/main.c ****   * @retval int
  76:Core/Src/main.c ****   */
  77:Core/Src/main.c **** int main(void)
  78:Core/Src/main.c **** {
  79:Core/Src/main.c **** 
  80:Core/Src/main.c ****   /* USER CODE BEGIN 1 */
  81:Core/Src/main.c **** 
  82:Core/Src/main.c ****   /* USER CODE END 1 */
  83:Core/Src/main.c **** 
  84:Core/Src/main.c ****   /* MCU Configuration--------------------------------------------------------*/
  85:Core/Src/main.c **** 
  86:Core/Src/main.c ****   /* Reset of all peripherals, Initializes the Flash interface and the Systick. */
  87:Core/Src/main.c ****   HAL_Init();
  88:Core/Src/main.c **** 
ARM GAS  /tmp/ccaH4Grf.s 			page 3


  89:Core/Src/main.c ****   /* USER CODE BEGIN Init */
  90:Core/Src/main.c **** 
  91:Core/Src/main.c ****   /* USER CODE END Init */
  92:Core/Src/main.c **** 
  93:Core/Src/main.c ****   /* Configure the system clock */
  94:Core/Src/main.c ****   SystemClock_Config();
  95:Core/Src/main.c **** 
  96:Core/Src/main.c ****   /* USER CODE BEGIN SysInit */
  97:Core/Src/main.c **** 
  98:Core/Src/main.c ****   /* USER CODE END SysInit */
  99:Core/Src/main.c **** 
 100:Core/Src/main.c ****   /* Initialize all configured peripherals */
 101:Core/Src/main.c ****   MX_GPIO_Init();
 102:Core/Src/main.c ****   /* USER CODE BEGIN 2 */
 103:Core/Src/main.c **** 
 104:Core/Src/main.c ****   /* USER CODE END 2 */
 105:Core/Src/main.c **** 
 106:Core/Src/main.c ****   /* USER CODE BEGIN RTOS_MUTEX */
 107:Core/Src/main.c ****   /* add mutexes, ... */
 108:Core/Src/main.c ****   /* USER CODE END RTOS_MUTEX */
 109:Core/Src/main.c **** 
 110:Core/Src/main.c ****   /* USER CODE BEGIN RTOS_SEMAPHORES */
 111:Core/Src/main.c ****   /* add semaphores, ... */
 112:Core/Src/main.c ****   /* USER CODE END RTOS_SEMAPHORES */
 113:Core/Src/main.c **** 
 114:Core/Src/main.c ****   /* USER CODE BEGIN RTOS_TIMERS */
 115:Core/Src/main.c ****   /* start timers, add new ones, ... */
 116:Core/Src/main.c ****   /* USER CODE END RTOS_TIMERS */
 117:Core/Src/main.c **** 
 118:Core/Src/main.c ****   /* USER CODE BEGIN RTOS_QUEUES */
 119:Core/Src/main.c ****   /* add queues, ... */
 120:Core/Src/main.c ****   /* USER CODE END RTOS_QUEUES */
 121:Core/Src/main.c **** 
 122:Core/Src/main.c ****   /* Create the thread(s) */
 123:Core/Src/main.c ****   /* definition and creation of defaultTask */
 124:Core/Src/main.c ****   // osThreadDef(defaultTask, StartDefaultTask, osPriorityNormal, 0, 128);
 125:Core/Src/main.c ****   // defaultTaskHandle = osThreadCreate(osThread(defaultTask), NULL);
 126:Core/Src/main.c **** 
 127:Core/Src/main.c ****   // /* definition and creation of led */
 128:Core/Src/main.c ****   // osThreadDef(led, ledFlashTask, osPriorityNormal, 0, 128);
 129:Core/Src/main.c ****   // ledHandle = osThreadCreate(osThread(led), NULL);
 130:Core/Src/main.c **** 
 131:Core/Src/main.c ****   // /* definition and creation of button */
 132:Core/Src/main.c ****   // osThreadDef(button, buttonClickTask, osPriorityNormal, 0, 128);
 133:Core/Src/main.c ****   // buttonHandle = osThreadCreate(osThread(button), NULL);
 134:Core/Src/main.c **** 
 135:Core/Src/main.c ****   xTaskCreate(StartDefaultTask, "default", configMINIMAL_STACK_SIZE, 128, 0, &defaultTaskHandle);
 136:Core/Src/main.c ****   xTaskCreate(ledFlashTask, "led", configMINIMAL_STACK_SIZE, 128, 0, &ledHandle);
 137:Core/Src/main.c ****   xTaskCreate(buttonClickTask, "button", configMINIMAL_STACK_SIZE, 128, 0, &buttonHandle);
 138:Core/Src/main.c **** 
 139:Core/Src/main.c ****   /* USER CODE BEGIN RTOS_THREADS */
 140:Core/Src/main.c ****   /* add threads, ... */
 141:Core/Src/main.c ****   /* USER CODE END RTOS_THREADS */
 142:Core/Src/main.c **** 
 143:Core/Src/main.c ****   /* Start scheduler */
 144:Core/Src/main.c ****   // osKernelStart();
 145:Core/Src/main.c ****   vTaskStartScheduler();
ARM GAS  /tmp/ccaH4Grf.s 			page 4


 146:Core/Src/main.c **** 
 147:Core/Src/main.c ****   /* We should never get here as control is now taken by the scheduler */
 148:Core/Src/main.c **** 
 149:Core/Src/main.c ****   /* Infinite loop */
 150:Core/Src/main.c ****   /* USER CODE BEGIN WHILE */
 151:Core/Src/main.c ****   while (1)
 152:Core/Src/main.c ****   {
 153:Core/Src/main.c ****     /* USER CODE END WHILE */
 154:Core/Src/main.c **** 
 155:Core/Src/main.c ****     /* USER CODE BEGIN 3 */
 156:Core/Src/main.c ****   }
 157:Core/Src/main.c ****   /* USER CODE END 3 */
 158:Core/Src/main.c **** }
 159:Core/Src/main.c **** 
 160:Core/Src/main.c **** /**
 161:Core/Src/main.c ****   * @brief System Clock Configuration
 162:Core/Src/main.c ****   * @retval None
 163:Core/Src/main.c ****   */
 164:Core/Src/main.c **** void SystemClock_Config(void)
 165:Core/Src/main.c **** {
 166:Core/Src/main.c ****   RCC_OscInitTypeDef RCC_OscInitStruct = {0};
 167:Core/Src/main.c ****   RCC_ClkInitTypeDef RCC_ClkInitStruct = {0};
 168:Core/Src/main.c **** 
 169:Core/Src/main.c ****   /** Configure the main internal regulator output voltage
 170:Core/Src/main.c ****   */
 171:Core/Src/main.c ****   __HAL_RCC_PWR_CLK_ENABLE();
 172:Core/Src/main.c ****   __HAL_PWR_VOLTAGESCALING_CONFIG(PWR_REGULATOR_VOLTAGE_SCALE1);
 173:Core/Src/main.c **** 
 174:Core/Src/main.c ****   /** Initializes the RCC Oscillators according to the specified parameters
 175:Core/Src/main.c ****   * in the RCC_OscInitTypeDef structure.
 176:Core/Src/main.c ****   */
 177:Core/Src/main.c ****   RCC_OscInitStruct.OscillatorType = RCC_OSCILLATORTYPE_HSI;
 178:Core/Src/main.c ****   RCC_OscInitStruct.HSIState = RCC_HSI_ON;
 179:Core/Src/main.c ****   RCC_OscInitStruct.HSICalibrationValue = RCC_HSICALIBRATION_DEFAULT;
 180:Core/Src/main.c ****   RCC_OscInitStruct.PLL.PLLState = RCC_PLL_NONE;
 181:Core/Src/main.c ****   if (HAL_RCC_OscConfig(&RCC_OscInitStruct) != HAL_OK)
 182:Core/Src/main.c ****   {
 183:Core/Src/main.c ****     Error_Handler();
 184:Core/Src/main.c ****   }
 185:Core/Src/main.c **** 
 186:Core/Src/main.c ****   /** Initializes the CPU, AHB and APB buses clocks
 187:Core/Src/main.c ****   */
 188:Core/Src/main.c ****   RCC_ClkInitStruct.ClockType = RCC_CLOCKTYPE_HCLK|RCC_CLOCKTYPE_SYSCLK
 189:Core/Src/main.c ****                               |RCC_CLOCKTYPE_PCLK1|RCC_CLOCKTYPE_PCLK2;
 190:Core/Src/main.c ****   RCC_ClkInitStruct.SYSCLKSource = RCC_SYSCLKSOURCE_HSI;
 191:Core/Src/main.c ****   RCC_ClkInitStruct.AHBCLKDivider = RCC_SYSCLK_DIV1;
 192:Core/Src/main.c ****   RCC_ClkInitStruct.APB1CLKDivider = RCC_HCLK_DIV1;
 193:Core/Src/main.c ****   RCC_ClkInitStruct.APB2CLKDivider = RCC_HCLK_DIV1;
 194:Core/Src/main.c **** 
 195:Core/Src/main.c ****   if (HAL_RCC_ClockConfig(&RCC_ClkInitStruct, FLASH_LATENCY_0) != HAL_OK)
 196:Core/Src/main.c ****   {
 197:Core/Src/main.c ****     Error_Handler();
 198:Core/Src/main.c ****   }
 199:Core/Src/main.c **** }
 200:Core/Src/main.c **** 
 201:Core/Src/main.c **** /**
 202:Core/Src/main.c ****   * @brief GPIO Initialization Function
ARM GAS  /tmp/ccaH4Grf.s 			page 5


 203:Core/Src/main.c ****   * @param None
 204:Core/Src/main.c ****   * @retval None
 205:Core/Src/main.c ****   */
 206:Core/Src/main.c **** static void MX_GPIO_Init(void)
 207:Core/Src/main.c **** {
  28              		.loc 1 207 1 view -0
  29              		.cfi_startproc
  30              		@ args = 0, pretend = 0, frame = 32
  31              		@ frame_needed = 0, uses_anonymous_args = 0
  32 0000 70B5     		push	{r4, r5, r6, lr}
  33              	.LCFI0:
  34              		.cfi_def_cfa_offset 16
  35              		.cfi_offset 4, -16
  36              		.cfi_offset 5, -12
  37              		.cfi_offset 6, -8
  38              		.cfi_offset 14, -4
  39 0002 88B0     		sub	sp, sp, #32
  40              	.LCFI1:
  41              		.cfi_def_cfa_offset 48
 208:Core/Src/main.c ****   GPIO_InitTypeDef GPIO_InitStruct = {0};
  42              		.loc 1 208 3 view .LVU1
  43              		.loc 1 208 20 is_stmt 0 view .LVU2
  44 0004 0024     		movs	r4, #0
  45 0006 0394     		str	r4, [sp, #12]
  46 0008 0494     		str	r4, [sp, #16]
  47 000a 0594     		str	r4, [sp, #20]
  48 000c 0694     		str	r4, [sp, #24]
  49 000e 0794     		str	r4, [sp, #28]
 209:Core/Src/main.c ****   /* USER CODE BEGIN MX_GPIO_Init_1 */
 210:Core/Src/main.c **** 
 211:Core/Src/main.c ****   /* USER CODE END MX_GPIO_Init_1 */
 212:Core/Src/main.c **** 
 213:Core/Src/main.c ****   /* GPIO Ports Clock Enable */
 214:Core/Src/main.c ****   __HAL_RCC_GPIOA_CLK_ENABLE();
  50              		.loc 1 214 3 is_stmt 1 view .LVU3
  51              	.LBB4:
  52              		.loc 1 214 3 view .LVU4
  53 0010 0194     		str	r4, [sp, #4]
  54              		.loc 1 214 3 view .LVU5
  55 0012 174B     		ldr	r3, .L3
  56 0014 1A6B     		ldr	r2, [r3, #48]
  57 0016 42F00102 		orr	r2, r2, #1
  58 001a 1A63     		str	r2, [r3, #48]
  59              		.loc 1 214 3 view .LVU6
  60 001c 1A6B     		ldr	r2, [r3, #48]
  61 001e 02F00102 		and	r2, r2, #1
  62 0022 0192     		str	r2, [sp, #4]
  63              		.loc 1 214 3 view .LVU7
  64 0024 019A     		ldr	r2, [sp, #4]
  65              	.LBE4:
  66              		.loc 1 214 3 view .LVU8
 215:Core/Src/main.c ****   __HAL_RCC_GPIOD_CLK_ENABLE();
  67              		.loc 1 215 3 view .LVU9
  68              	.LBB5:
  69              		.loc 1 215 3 view .LVU10
  70 0026 0294     		str	r4, [sp, #8]
  71              		.loc 1 215 3 view .LVU11
ARM GAS  /tmp/ccaH4Grf.s 			page 6


  72 0028 1A6B     		ldr	r2, [r3, #48]
  73 002a 42F00802 		orr	r2, r2, #8
  74 002e 1A63     		str	r2, [r3, #48]
  75              		.loc 1 215 3 view .LVU12
  76 0030 1B6B     		ldr	r3, [r3, #48]
  77 0032 03F00803 		and	r3, r3, #8
  78 0036 0293     		str	r3, [sp, #8]
  79              		.loc 1 215 3 view .LVU13
  80 0038 029B     		ldr	r3, [sp, #8]
  81              	.LBE5:
  82              		.loc 1 215 3 view .LVU14
 216:Core/Src/main.c **** 
 217:Core/Src/main.c ****   /*Configure GPIO pin Output Level */
 218:Core/Src/main.c ****   HAL_GPIO_WritePin(GPIOD, GPIO_PIN_12|GPIO_PIN_13|GPIO_PIN_14|GPIO_PIN_15, GPIO_PIN_RESET);
  83              		.loc 1 218 3 view .LVU15
  84 003a 0E4D     		ldr	r5, .L3+4
  85 003c 2246     		mov	r2, r4
  86 003e 4FF47041 		mov	r1, #61440
  87 0042 2846     		mov	r0, r5
  88 0044 FFF7FEFF 		bl	HAL_GPIO_WritePin
  89              	.LVL0:
 219:Core/Src/main.c **** 
 220:Core/Src/main.c ****   /*Configure GPIO pin : PA0 */
 221:Core/Src/main.c ****   GPIO_InitStruct.Pin = GPIO_PIN_0;
  90              		.loc 1 221 3 view .LVU16
  91              		.loc 1 221 23 is_stmt 0 view .LVU17
  92 0048 0126     		movs	r6, #1
  93 004a 0396     		str	r6, [sp, #12]
 222:Core/Src/main.c ****   GPIO_InitStruct.Mode = GPIO_MODE_INPUT;
  94              		.loc 1 222 3 is_stmt 1 view .LVU18
  95              		.loc 1 222 24 is_stmt 0 view .LVU19
  96 004c 0494     		str	r4, [sp, #16]
 223:Core/Src/main.c ****   GPIO_InitStruct.Pull = GPIO_NOPULL;
  97              		.loc 1 223 3 is_stmt 1 view .LVU20
  98              		.loc 1 223 24 is_stmt 0 view .LVU21
  99 004e 0594     		str	r4, [sp, #20]
 224:Core/Src/main.c ****   HAL_GPIO_Init(GPIOA, &GPIO_InitStruct);
 100              		.loc 1 224 3 is_stmt 1 view .LVU22
 101 0050 03A9     		add	r1, sp, #12
 102 0052 0948     		ldr	r0, .L3+8
 103 0054 FFF7FEFF 		bl	HAL_GPIO_Init
 104              	.LVL1:
 225:Core/Src/main.c **** 
 226:Core/Src/main.c ****   /*Configure GPIO pins : PD12 PD13 PD14 PD15 */
 227:Core/Src/main.c ****   GPIO_InitStruct.Pin = GPIO_PIN_12|GPIO_PIN_13|GPIO_PIN_14|GPIO_PIN_15;
 105              		.loc 1 227 3 view .LVU23
 106              		.loc 1 227 23 is_stmt 0 view .LVU24
 107 0058 4FF47043 		mov	r3, #61440
 108 005c 0393     		str	r3, [sp, #12]
 228:Core/Src/main.c ****   GPIO_InitStruct.Mode = GPIO_MODE_OUTPUT_PP;
 109              		.loc 1 228 3 is_stmt 1 view .LVU25
 110              		.loc 1 228 24 is_stmt 0 view .LVU26
 111 005e 0496     		str	r6, [sp, #16]
 229:Core/Src/main.c ****   GPIO_InitStruct.Pull = GPIO_NOPULL;
 112              		.loc 1 229 3 is_stmt 1 view .LVU27
 113              		.loc 1 229 24 is_stmt 0 view .LVU28
 114 0060 0594     		str	r4, [sp, #20]
ARM GAS  /tmp/ccaH4Grf.s 			page 7


 230:Core/Src/main.c ****   GPIO_InitStruct.Speed = GPIO_SPEED_FREQ_LOW;
 115              		.loc 1 230 3 is_stmt 1 view .LVU29
 116              		.loc 1 230 25 is_stmt 0 view .LVU30
 117 0062 0694     		str	r4, [sp, #24]
 231:Core/Src/main.c ****   HAL_GPIO_Init(GPIOD, &GPIO_InitStruct);
 118              		.loc 1 231 3 is_stmt 1 view .LVU31
 119 0064 03A9     		add	r1, sp, #12
 120 0066 2846     		mov	r0, r5
 121 0068 FFF7FEFF 		bl	HAL_GPIO_Init
 122              	.LVL2:
 232:Core/Src/main.c **** 
 233:Core/Src/main.c ****   /* USER CODE BEGIN MX_GPIO_Init_2 */
 234:Core/Src/main.c **** 
 235:Core/Src/main.c ****   /* USER CODE END MX_GPIO_Init_2 */
 236:Core/Src/main.c **** }
 123              		.loc 1 236 1 is_stmt 0 view .LVU32
 124 006c 08B0     		add	sp, sp, #32
 125              	.LCFI2:
 126              		.cfi_def_cfa_offset 16
 127              		@ sp needed
 128 006e 70BD     		pop	{r4, r5, r6, pc}
 129              	.L4:
 130              		.align	2
 131              	.L3:
 132 0070 00380240 		.word	1073887232
 133 0074 000C0240 		.word	1073875968
 134 0078 00000240 		.word	1073872896
 135              		.cfi_endproc
 136              	.LFE141:
 138              		.section	.text.StartDefaultTask,"ax",%progbits
 139              		.align	1
 140              		.global	StartDefaultTask
 141              		.syntax unified
 142              		.thumb
 143              		.thumb_func
 145              	StartDefaultTask:
 146              	.LFB142:
 237:Core/Src/main.c **** 
 238:Core/Src/main.c **** /* USER CODE BEGIN 4 */
 239:Core/Src/main.c **** 
 240:Core/Src/main.c **** /* USER CODE END 4 */
 241:Core/Src/main.c **** 
 242:Core/Src/main.c **** /* USER CODE BEGIN Header_StartDefaultTask */
 243:Core/Src/main.c **** /**
 244:Core/Src/main.c ****   * @brief  Function implementing the defaultTask thread.
 245:Core/Src/main.c ****   * @param  argument: Not used
 246:Core/Src/main.c ****   * @retval None
 247:Core/Src/main.c ****   */
 248:Core/Src/main.c **** /* USER CODE END Header_StartDefaultTask */
 249:Core/Src/main.c **** void StartDefaultTask(void const * argument)
 250:Core/Src/main.c **** {
 147              		.loc 1 250 1 is_stmt 1 view -0
 148              		.cfi_startproc
 149              		@ Volatile: function does not return.
 150              		@ args = 0, pretend = 0, frame = 0
 151              		@ frame_needed = 0, uses_anonymous_args = 0
 152              	.LVL3:
ARM GAS  /tmp/ccaH4Grf.s 			page 8


 153              		.loc 1 250 1 is_stmt 0 view .LVU34
 154 0000 08B5     		push	{r3, lr}
 155              	.LCFI3:
 156              		.cfi_def_cfa_offset 8
 157              		.cfi_offset 3, -8
 158              		.cfi_offset 14, -4
 159              	.LVL4:
 160              	.L6:
 251:Core/Src/main.c ****   /* USER CODE BEGIN 5 */
 252:Core/Src/main.c ****   /* Infinite loop */
 253:Core/Src/main.c ****   for(;;)
 161              		.loc 1 253 3 is_stmt 1 view .LVU35
 254:Core/Src/main.c ****   {
 255:Core/Src/main.c ****     osDelay(1);
 162              		.loc 1 255 5 discriminator 1 view .LVU36
 163 0002 0120     		movs	r0, #1
 164 0004 FFF7FEFF 		bl	osDelay
 165              	.LVL5:
 253:Core/Src/main.c ****   {
 166              		.loc 1 253 3 view .LVU37
 167 0008 FBE7     		b	.L6
 168              		.cfi_endproc
 169              	.LFE142:
 171              		.section	.text.ledFlashTask,"ax",%progbits
 172              		.align	1
 173              		.global	ledFlashTask
 174              		.syntax unified
 175              		.thumb
 176              		.thumb_func
 178              	ledFlashTask:
 179              	.LFB143:
 256:Core/Src/main.c ****   }
 257:Core/Src/main.c ****   /* USER CODE END 5 */
 258:Core/Src/main.c **** }
 259:Core/Src/main.c **** 
 260:Core/Src/main.c **** /* USER CODE BEGIN Header_ledFlashTask */
 261:Core/Src/main.c **** /**
 262:Core/Src/main.c **** * @brief Function implementing the led thread.
 263:Core/Src/main.c **** * @param argument: Not used
 264:Core/Src/main.c **** * @retval None
 265:Core/Src/main.c **** */
 266:Core/Src/main.c **** /* USER CODE END Header_ledFlashTask */
 267:Core/Src/main.c **** void ledFlashTask(void const * argument)
 268:Core/Src/main.c **** {
 180              		.loc 1 268 1 view -0
 181              		.cfi_startproc
 182              		@ Volatile: function does not return.
 183              		@ args = 0, pretend = 0, frame = 0
 184              		@ frame_needed = 0, uses_anonymous_args = 0
 185              	.LVL6:
 186              		.loc 1 268 1 is_stmt 0 view .LVU39
 187 0000 08B5     		push	{r3, lr}
 188              	.LCFI4:
 189              		.cfi_def_cfa_offset 8
 190              		.cfi_offset 3, -8
 191              		.cfi_offset 14, -4
 192 0002 08E0     		b	.L16
ARM GAS  /tmp/ccaH4Grf.s 			page 9


 193              	.LVL7:
 194              	.L15:
 269:Core/Src/main.c ****   /* USER CODE BEGIN ledFlashTask */
 270:Core/Src/main.c ****   /* Infinite loop */
 271:Core/Src/main.c ****   for(;;)
 272:Core/Src/main.c ****   {
 273:Core/Src/main.c ****     if (buttonCount == 0)
 274:Core/Src/main.c ****     {
 275:Core/Src/main.c ****       HAL_GPIO_WritePin(GPIOD, GPIO_PIN_12 | GPIO_PIN_13 | GPIO_PIN_14 |GPIO_PIN_15, GPIO_PIN_SET);
 195              		.loc 1 275 7 is_stmt 1 view .LVU40
 196 0004 0122     		movs	r2, #1
 197 0006 4FF47041 		mov	r1, #61440
 198 000a 1F48     		ldr	r0, .L19
 199 000c FFF7FEFF 		bl	HAL_GPIO_WritePin
 200              	.LVL8:
 201              	.L9:
 276:Core/Src/main.c ****     } else if (buttonCount == 1)
 277:Core/Src/main.c ****     {
 278:Core/Src/main.c ****       HAL_GPIO_TogglePin(GPIOD, GPIO_PIN_12 | GPIO_PIN_13 | GPIO_PIN_14 |GPIO_PIN_15);
 279:Core/Src/main.c ****       // osDelay(1000);
 280:Core/Src/main.c ****       vTaskDelay(1000);
 281:Core/Src/main.c ****     }else if (buttonCount == 2)
 282:Core/Src/main.c ****     {
 283:Core/Src/main.c ****       HAL_GPIO_TogglePin(GPIOD, GPIO_PIN_12 | GPIO_PIN_13 | GPIO_PIN_14 |GPIO_PIN_15);
 284:Core/Src/main.c ****       // osDelay(750);
 285:Core/Src/main.c ****       vTaskDelay(750);
 286:Core/Src/main.c ****     }else if (buttonCount == 3)
 287:Core/Src/main.c ****     {
 288:Core/Src/main.c ****       HAL_GPIO_TogglePin(GPIOD, GPIO_PIN_12 | GPIO_PIN_13 | GPIO_PIN_14 |GPIO_PIN_15);
 289:Core/Src/main.c ****       // osDelay(500);
 290:Core/Src/main.c ****       vTaskDelay(500);
 291:Core/Src/main.c ****     }else if (buttonCount == 4)
 292:Core/Src/main.c ****     {
 293:Core/Src/main.c ****       HAL_GPIO_TogglePin(GPIOD, GPIO_PIN_12 | GPIO_PIN_13 | GPIO_PIN_14 |GPIO_PIN_15);
 294:Core/Src/main.c ****       // osDelay(250);
 295:Core/Src/main.c ****       vTaskDelay(250);
 296:Core/Src/main.c ****     }
 297:Core/Src/main.c ****     // osDelay(1);
 298:Core/Src/main.c ****     vTaskDelay(1);
 202              		.loc 1 298 5 view .LVU41
 203 0010 0120     		movs	r0, #1
 204 0012 FFF7FEFF 		bl	vTaskDelay
 205              	.LVL9:
 271:Core/Src/main.c ****   {
 206              		.loc 1 271 3 view .LVU42
 207              	.L16:
 271:Core/Src/main.c ****   {
 208              		.loc 1 271 3 view .LVU43
 273:Core/Src/main.c ****     {
 209              		.loc 1 273 5 view .LVU44
 273:Core/Src/main.c ****     {
 210              		.loc 1 273 21 is_stmt 0 view .LVU45
 211 0016 1D4B     		ldr	r3, .L19+4
 212 0018 1B68     		ldr	r3, [r3]
 213 001a 042B     		cmp	r3, #4
 214 001c F8D8     		bhi	.L9
 215 001e 01A2     		adr	r2, .L11
ARM GAS  /tmp/ccaH4Grf.s 			page 10


 216 0020 52F823F0 		ldr	pc, [r2, r3, lsl #2]
 217              		.p2align 2
 218              	.L11:
 219 0024 05000000 		.word	.L15+1
 220 0028 39000000 		.word	.L14+1
 221 002c 4D000000 		.word	.L13+1
 222 0030 61000000 		.word	.L12+1
 223 0034 75000000 		.word	.L10+1
 224              		.p2align 1
 225              	.L14:
 278:Core/Src/main.c ****       // osDelay(1000);
 226              		.loc 1 278 7 is_stmt 1 view .LVU46
 227 0038 4FF47041 		mov	r1, #61440
 228 003c 1248     		ldr	r0, .L19
 229 003e FFF7FEFF 		bl	HAL_GPIO_TogglePin
 230              	.LVL10:
 280:Core/Src/main.c ****     }else if (buttonCount == 2)
 231              		.loc 1 280 7 view .LVU47
 232 0042 4FF47A70 		mov	r0, #1000
 233 0046 FFF7FEFF 		bl	vTaskDelay
 234              	.LVL11:
 235 004a E1E7     		b	.L9
 236              	.L13:
 283:Core/Src/main.c ****       // osDelay(750);
 237              		.loc 1 283 7 view .LVU48
 238 004c 4FF47041 		mov	r1, #61440
 239 0050 0D48     		ldr	r0, .L19
 240 0052 FFF7FEFF 		bl	HAL_GPIO_TogglePin
 241              	.LVL12:
 285:Core/Src/main.c ****     }else if (buttonCount == 3)
 242              		.loc 1 285 7 view .LVU49
 243 0056 40F2EE20 		movw	r0, #750
 244 005a FFF7FEFF 		bl	vTaskDelay
 245              	.LVL13:
 246 005e D7E7     		b	.L9
 247              	.L12:
 288:Core/Src/main.c ****       // osDelay(500);
 248              		.loc 1 288 7 view .LVU50
 249 0060 4FF47041 		mov	r1, #61440
 250 0064 0848     		ldr	r0, .L19
 251 0066 FFF7FEFF 		bl	HAL_GPIO_TogglePin
 252              	.LVL14:
 290:Core/Src/main.c ****     }else if (buttonCount == 4)
 253              		.loc 1 290 7 view .LVU51
 254 006a 4FF4FA70 		mov	r0, #500
 255 006e FFF7FEFF 		bl	vTaskDelay
 256              	.LVL15:
 257 0072 CDE7     		b	.L9
 258              	.L10:
 293:Core/Src/main.c ****       // osDelay(250);
 259              		.loc 1 293 7 view .LVU52
 260 0074 4FF47041 		mov	r1, #61440
 261 0078 0348     		ldr	r0, .L19
 262 007a FFF7FEFF 		bl	HAL_GPIO_TogglePin
 263              	.LVL16:
 295:Core/Src/main.c ****     }
 264              		.loc 1 295 7 view .LVU53
ARM GAS  /tmp/ccaH4Grf.s 			page 11


 265 007e FA20     		movs	r0, #250
 266 0080 FFF7FEFF 		bl	vTaskDelay
 267              	.LVL17:
 268 0084 C4E7     		b	.L9
 269              	.L20:
 270 0086 00BF     		.align	2
 271              	.L19:
 272 0088 000C0240 		.word	1073875968
 273 008c 00000000 		.word	buttonCount
 274              		.cfi_endproc
 275              	.LFE143:
 277              		.section	.text.buttonClickTask,"ax",%progbits
 278              		.align	1
 279              		.global	buttonClickTask
 280              		.syntax unified
 281              		.thumb
 282              		.thumb_func
 284              	buttonClickTask:
 285              	.LFB144:
 299:Core/Src/main.c ****   }
 300:Core/Src/main.c ****   /* USER CODE END ledFlashTask */
 301:Core/Src/main.c **** }
 302:Core/Src/main.c **** 
 303:Core/Src/main.c **** /* USER CODE BEGIN Header_buttonClickTask */
 304:Core/Src/main.c **** /**
 305:Core/Src/main.c **** * @brief Function implementing the button thread.
 306:Core/Src/main.c **** * @param argument: Not used
 307:Core/Src/main.c **** * @retval None
 308:Core/Src/main.c **** */
 309:Core/Src/main.c **** /* USER CODE END Header_buttonClickTask */
 310:Core/Src/main.c **** void buttonClickTask(void const * argument)
 311:Core/Src/main.c **** {
 286              		.loc 1 311 1 view -0
 287              		.cfi_startproc
 288              		@ Volatile: function does not return.
 289              		@ args = 0, pretend = 0, frame = 0
 290              		@ frame_needed = 0, uses_anonymous_args = 0
 291              	.LVL18:
 292              		.loc 1 311 1 is_stmt 0 view .LVU55
 293 0000 08B5     		push	{r3, lr}
 294              	.LCFI5:
 295              		.cfi_def_cfa_offset 8
 296              		.cfi_offset 3, -8
 297              		.cfi_offset 14, -4
 298 0002 02E0     		b	.L24
 299              	.LVL19:
 300              	.L22:
 312:Core/Src/main.c ****   /* USER CODE BEGIN buttonClickTask */
 313:Core/Src/main.c ****   /* Infinite loop */
 314:Core/Src/main.c ****   for(;;)
 315:Core/Src/main.c ****   {
 316:Core/Src/main.c ****     if (HAL_GPIO_ReadPin(GPIOA, GPIO_PIN_0) == GPIO_PIN_RESET)
 317:Core/Src/main.c ****     {
 318:Core/Src/main.c ****       while (HAL_GPIO_ReadPin(GPIOA, GPIO_PIN_0) == GPIO_PIN_RESET);
 319:Core/Src/main.c ****       buttonCount++;
 320:Core/Src/main.c ****       if (buttonCount == 5)
 321:Core/Src/main.c ****       {
ARM GAS  /tmp/ccaH4Grf.s 			page 12


 322:Core/Src/main.c ****         buttonCount = 0;
 323:Core/Src/main.c ****       }
 324:Core/Src/main.c ****     }
 325:Core/Src/main.c ****     osDelay(1);
 301              		.loc 1 325 5 is_stmt 1 view .LVU56
 302 0004 0120     		movs	r0, #1
 303 0006 FFF7FEFF 		bl	osDelay
 304              	.LVL20:
 314:Core/Src/main.c ****   {
 305              		.loc 1 314 3 view .LVU57
 306              	.L24:
 314:Core/Src/main.c ****   {
 307              		.loc 1 314 3 view .LVU58
 316:Core/Src/main.c ****     {
 308              		.loc 1 316 5 view .LVU59
 316:Core/Src/main.c ****     {
 309              		.loc 1 316 9 is_stmt 0 view .LVU60
 310 000a 0121     		movs	r1, #1
 311 000c 0A48     		ldr	r0, .L26
 312 000e FFF7FEFF 		bl	HAL_GPIO_ReadPin
 313              	.LVL21:
 316:Core/Src/main.c ****     {
 314              		.loc 1 316 8 discriminator 1 view .LVU61
 315 0012 0028     		cmp	r0, #0
 316 0014 F6D1     		bne	.L22
 317              	.L23:
 318:Core/Src/main.c ****       buttonCount++;
 318              		.loc 1 318 50 is_stmt 1 discriminator 1 view .LVU62
 318:Core/Src/main.c ****       buttonCount++;
 319              		.loc 1 318 14 is_stmt 0 discriminator 1 view .LVU63
 320 0016 0121     		movs	r1, #1
 321 0018 0748     		ldr	r0, .L26
 322 001a FFF7FEFF 		bl	HAL_GPIO_ReadPin
 323              	.LVL22:
 318:Core/Src/main.c ****       buttonCount++;
 324              		.loc 1 318 50 discriminator 1 view .LVU64
 325 001e 0028     		cmp	r0, #0
 326 0020 F9D0     		beq	.L23
 319:Core/Src/main.c ****       if (buttonCount == 5)
 327              		.loc 1 319 7 is_stmt 1 view .LVU65
 319:Core/Src/main.c ****       if (buttonCount == 5)
 328              		.loc 1 319 18 is_stmt 0 view .LVU66
 329 0022 064A     		ldr	r2, .L26+4
 330 0024 1368     		ldr	r3, [r2]
 331 0026 0133     		adds	r3, r3, #1
 332 0028 1360     		str	r3, [r2]
 320:Core/Src/main.c ****       {
 333              		.loc 1 320 7 is_stmt 1 view .LVU67
 320:Core/Src/main.c ****       {
 334              		.loc 1 320 10 is_stmt 0 view .LVU68
 335 002a 052B     		cmp	r3, #5
 336 002c EAD1     		bne	.L22
 322:Core/Src/main.c ****       }
 337              		.loc 1 322 9 is_stmt 1 view .LVU69
 322:Core/Src/main.c ****       }
 338              		.loc 1 322 21 is_stmt 0 view .LVU70
 339 002e 1346     		mov	r3, r2
ARM GAS  /tmp/ccaH4Grf.s 			page 13


 340 0030 0022     		movs	r2, #0
 341 0032 1A60     		str	r2, [r3]
 342 0034 E6E7     		b	.L22
 343              	.L27:
 344 0036 00BF     		.align	2
 345              	.L26:
 346 0038 00000240 		.word	1073872896
 347 003c 00000000 		.word	buttonCount
 348              		.cfi_endproc
 349              	.LFE144:
 351              		.section	.text.HAL_TIM_PeriodElapsedCallback,"ax",%progbits
 352              		.align	1
 353              		.global	HAL_TIM_PeriodElapsedCallback
 354              		.syntax unified
 355              		.thumb
 356              		.thumb_func
 358              	HAL_TIM_PeriodElapsedCallback:
 359              	.LVL23:
 360              	.LFB145:
 326:Core/Src/main.c ****   }
 327:Core/Src/main.c ****   /* USER CODE END buttonClickTask */
 328:Core/Src/main.c **** }
 329:Core/Src/main.c **** 
 330:Core/Src/main.c **** /**
 331:Core/Src/main.c ****   * @brief  Period elapsed callback in non blocking mode
 332:Core/Src/main.c ****   * @note   This function is called  when TIM6 interrupt took place, inside
 333:Core/Src/main.c ****   * HAL_TIM_IRQHandler(). It makes a direct call to HAL_IncTick() to increment
 334:Core/Src/main.c ****   * a global variable "uwTick" used as application time base.
 335:Core/Src/main.c ****   * @param  htim : TIM handle
 336:Core/Src/main.c ****   * @retval None
 337:Core/Src/main.c ****   */
 338:Core/Src/main.c **** void HAL_TIM_PeriodElapsedCallback(TIM_HandleTypeDef *htim)
 339:Core/Src/main.c **** {
 361              		.loc 1 339 1 is_stmt 1 view -0
 362              		.cfi_startproc
 363              		@ args = 0, pretend = 0, frame = 0
 364              		@ frame_needed = 0, uses_anonymous_args = 0
 365              		.loc 1 339 1 is_stmt 0 view .LVU72
 366 0000 08B5     		push	{r3, lr}
 367              	.LCFI6:
 368              		.cfi_def_cfa_offset 8
 369              		.cfi_offset 3, -8
 370              		.cfi_offset 14, -4
 340:Core/Src/main.c ****   /* USER CODE BEGIN Callback 0 */
 341:Core/Src/main.c **** 
 342:Core/Src/main.c ****   /* USER CODE END Callback 0 */
 343:Core/Src/main.c ****   if (htim->Instance == TIM6)
 371              		.loc 1 343 3 is_stmt 1 view .LVU73
 372              		.loc 1 343 11 is_stmt 0 view .LVU74
 373 0002 0268     		ldr	r2, [r0]
 374              		.loc 1 343 6 view .LVU75
 375 0004 034B     		ldr	r3, .L32
 376 0006 9A42     		cmp	r2, r3
 377 0008 00D0     		beq	.L31
 378              	.LVL24:
 379              	.L28:
 344:Core/Src/main.c ****   {
ARM GAS  /tmp/ccaH4Grf.s 			page 14


 345:Core/Src/main.c ****     HAL_IncTick();
 346:Core/Src/main.c ****   }
 347:Core/Src/main.c ****   /* USER CODE BEGIN Callback 1 */
 348:Core/Src/main.c **** 
 349:Core/Src/main.c ****   /* USER CODE END Callback 1 */
 350:Core/Src/main.c **** }
 380              		.loc 1 350 1 view .LVU76
 381 000a 08BD     		pop	{r3, pc}
 382              	.LVL25:
 383              	.L31:
 345:Core/Src/main.c ****   }
 384              		.loc 1 345 5 is_stmt 1 view .LVU77
 385 000c FFF7FEFF 		bl	HAL_IncTick
 386              	.LVL26:
 387              		.loc 1 350 1 is_stmt 0 view .LVU78
 388 0010 FBE7     		b	.L28
 389              	.L33:
 390 0012 00BF     		.align	2
 391              	.L32:
 392 0014 00100040 		.word	1073745920
 393              		.cfi_endproc
 394              	.LFE145:
 396              		.section	.text.Error_Handler,"ax",%progbits
 397              		.align	1
 398              		.global	Error_Handler
 399              		.syntax unified
 400              		.thumb
 401              		.thumb_func
 403              	Error_Handler:
 404              	.LFB146:
 351:Core/Src/main.c **** 
 352:Core/Src/main.c **** /**
 353:Core/Src/main.c ****   * @brief  This function is executed in case of error occurrence.
 354:Core/Src/main.c ****   * @retval None
 355:Core/Src/main.c ****   */
 356:Core/Src/main.c **** void Error_Handler(void)
 357:Core/Src/main.c **** {
 405              		.loc 1 357 1 is_stmt 1 view -0
 406              		.cfi_startproc
 407              		@ Volatile: function does not return.
 408              		@ args = 0, pretend = 0, frame = 0
 409              		@ frame_needed = 0, uses_anonymous_args = 0
 410              		@ link register save eliminated.
 358:Core/Src/main.c ****   /* USER CODE BEGIN Error_Handler_Debug */
 359:Core/Src/main.c ****   /* User can add his own implementation to report the HAL error return state */
 360:Core/Src/main.c ****   __disable_irq();
 411              		.loc 1 360 3 view .LVU80
 412              	.LBB6:
 413              	.LBI6:
 414              		.file 2 "Drivers/CMSIS/Include/cmsis_gcc.h"
   1:Drivers/CMSIS/Include/cmsis_gcc.h **** /**************************************************************************//**
   2:Drivers/CMSIS/Include/cmsis_gcc.h ****  * @file     cmsis_gcc.h
   3:Drivers/CMSIS/Include/cmsis_gcc.h ****  * @brief    CMSIS compiler GCC header file
   4:Drivers/CMSIS/Include/cmsis_gcc.h ****  * @version  V5.4.1
   5:Drivers/CMSIS/Include/cmsis_gcc.h ****  * @date     27. May 2021
   6:Drivers/CMSIS/Include/cmsis_gcc.h ****  ******************************************************************************/
   7:Drivers/CMSIS/Include/cmsis_gcc.h **** /*
ARM GAS  /tmp/ccaH4Grf.s 			page 15


   8:Drivers/CMSIS/Include/cmsis_gcc.h ****  * Copyright (c) 2009-2021 Arm Limited. All rights reserved.
   9:Drivers/CMSIS/Include/cmsis_gcc.h ****  *
  10:Drivers/CMSIS/Include/cmsis_gcc.h ****  * SPDX-License-Identifier: Apache-2.0
  11:Drivers/CMSIS/Include/cmsis_gcc.h ****  *
  12:Drivers/CMSIS/Include/cmsis_gcc.h ****  * Licensed under the Apache License, Version 2.0 (the License); you may
  13:Drivers/CMSIS/Include/cmsis_gcc.h ****  * not use this file except in compliance with the License.
  14:Drivers/CMSIS/Include/cmsis_gcc.h ****  * You may obtain a copy of the License at
  15:Drivers/CMSIS/Include/cmsis_gcc.h ****  *
  16:Drivers/CMSIS/Include/cmsis_gcc.h ****  * www.apache.org/licenses/LICENSE-2.0
  17:Drivers/CMSIS/Include/cmsis_gcc.h ****  *
  18:Drivers/CMSIS/Include/cmsis_gcc.h ****  * Unless required by applicable law or agreed to in writing, software
  19:Drivers/CMSIS/Include/cmsis_gcc.h ****  * distributed under the License is distributed on an AS IS BASIS, WITHOUT
  20:Drivers/CMSIS/Include/cmsis_gcc.h ****  * WARRANTIES OR CONDITIONS OF ANY KIND, either express or implied.
  21:Drivers/CMSIS/Include/cmsis_gcc.h ****  * See the License for the specific language governing permissions and
  22:Drivers/CMSIS/Include/cmsis_gcc.h ****  * limitations under the License.
  23:Drivers/CMSIS/Include/cmsis_gcc.h ****  */
  24:Drivers/CMSIS/Include/cmsis_gcc.h **** 
  25:Drivers/CMSIS/Include/cmsis_gcc.h **** #ifndef __CMSIS_GCC_H
  26:Drivers/CMSIS/Include/cmsis_gcc.h **** #define __CMSIS_GCC_H
  27:Drivers/CMSIS/Include/cmsis_gcc.h **** 
  28:Drivers/CMSIS/Include/cmsis_gcc.h **** /* ignore some GCC warnings */
  29:Drivers/CMSIS/Include/cmsis_gcc.h **** #pragma GCC diagnostic push
  30:Drivers/CMSIS/Include/cmsis_gcc.h **** #pragma GCC diagnostic ignored "-Wsign-conversion"
  31:Drivers/CMSIS/Include/cmsis_gcc.h **** #pragma GCC diagnostic ignored "-Wconversion"
  32:Drivers/CMSIS/Include/cmsis_gcc.h **** #pragma GCC diagnostic ignored "-Wunused-parameter"
  33:Drivers/CMSIS/Include/cmsis_gcc.h **** 
  34:Drivers/CMSIS/Include/cmsis_gcc.h **** /* Fallback for __has_builtin */
  35:Drivers/CMSIS/Include/cmsis_gcc.h **** #ifndef __has_builtin
  36:Drivers/CMSIS/Include/cmsis_gcc.h ****   #define __has_builtin(x) (0)
  37:Drivers/CMSIS/Include/cmsis_gcc.h **** #endif
  38:Drivers/CMSIS/Include/cmsis_gcc.h **** 
  39:Drivers/CMSIS/Include/cmsis_gcc.h **** /* CMSIS compiler specific defines */
  40:Drivers/CMSIS/Include/cmsis_gcc.h **** #ifndef   __ASM
  41:Drivers/CMSIS/Include/cmsis_gcc.h ****   #define __ASM                                  __asm
  42:Drivers/CMSIS/Include/cmsis_gcc.h **** #endif
  43:Drivers/CMSIS/Include/cmsis_gcc.h **** #ifndef   __INLINE
  44:Drivers/CMSIS/Include/cmsis_gcc.h ****   #define __INLINE                               inline
  45:Drivers/CMSIS/Include/cmsis_gcc.h **** #endif
  46:Drivers/CMSIS/Include/cmsis_gcc.h **** #ifndef   __STATIC_INLINE
  47:Drivers/CMSIS/Include/cmsis_gcc.h ****   #define __STATIC_INLINE                        static inline
  48:Drivers/CMSIS/Include/cmsis_gcc.h **** #endif
  49:Drivers/CMSIS/Include/cmsis_gcc.h **** #ifndef   __STATIC_FORCEINLINE
  50:Drivers/CMSIS/Include/cmsis_gcc.h ****   #define __STATIC_FORCEINLINE                   __attribute__((always_inline)) static inline
  51:Drivers/CMSIS/Include/cmsis_gcc.h **** #endif
  52:Drivers/CMSIS/Include/cmsis_gcc.h **** #ifndef   __NO_RETURN
  53:Drivers/CMSIS/Include/cmsis_gcc.h ****   #define __NO_RETURN                            __attribute__((__noreturn__))
  54:Drivers/CMSIS/Include/cmsis_gcc.h **** #endif
  55:Drivers/CMSIS/Include/cmsis_gcc.h **** #ifndef   __USED
  56:Drivers/CMSIS/Include/cmsis_gcc.h ****   #define __USED                                 __attribute__((used))
  57:Drivers/CMSIS/Include/cmsis_gcc.h **** #endif
  58:Drivers/CMSIS/Include/cmsis_gcc.h **** #ifndef   __WEAK
  59:Drivers/CMSIS/Include/cmsis_gcc.h ****   #define __WEAK                                 __attribute__((weak))
  60:Drivers/CMSIS/Include/cmsis_gcc.h **** #endif
  61:Drivers/CMSIS/Include/cmsis_gcc.h **** #ifndef   __PACKED
  62:Drivers/CMSIS/Include/cmsis_gcc.h ****   #define __PACKED                               __attribute__((packed, aligned(1)))
  63:Drivers/CMSIS/Include/cmsis_gcc.h **** #endif
  64:Drivers/CMSIS/Include/cmsis_gcc.h **** #ifndef   __PACKED_STRUCT
ARM GAS  /tmp/ccaH4Grf.s 			page 16


  65:Drivers/CMSIS/Include/cmsis_gcc.h ****   #define __PACKED_STRUCT                        struct __attribute__((packed, aligned(1)))
  66:Drivers/CMSIS/Include/cmsis_gcc.h **** #endif
  67:Drivers/CMSIS/Include/cmsis_gcc.h **** #ifndef   __PACKED_UNION
  68:Drivers/CMSIS/Include/cmsis_gcc.h ****   #define __PACKED_UNION                         union __attribute__((packed, aligned(1)))
  69:Drivers/CMSIS/Include/cmsis_gcc.h **** #endif
  70:Drivers/CMSIS/Include/cmsis_gcc.h **** #ifndef   __UNALIGNED_UINT32        /* deprecated */
  71:Drivers/CMSIS/Include/cmsis_gcc.h ****   #pragma GCC diagnostic push
  72:Drivers/CMSIS/Include/cmsis_gcc.h ****   #pragma GCC diagnostic ignored "-Wpacked"
  73:Drivers/CMSIS/Include/cmsis_gcc.h ****   #pragma GCC diagnostic ignored "-Wattributes"
  74:Drivers/CMSIS/Include/cmsis_gcc.h ****   struct __attribute__((packed)) T_UINT32 { uint32_t v; };
  75:Drivers/CMSIS/Include/cmsis_gcc.h ****   #pragma GCC diagnostic pop
  76:Drivers/CMSIS/Include/cmsis_gcc.h ****   #define __UNALIGNED_UINT32(x)                  (((struct T_UINT32 *)(x))->v)
  77:Drivers/CMSIS/Include/cmsis_gcc.h **** #endif
  78:Drivers/CMSIS/Include/cmsis_gcc.h **** #ifndef   __UNALIGNED_UINT16_WRITE
  79:Drivers/CMSIS/Include/cmsis_gcc.h ****   #pragma GCC diagnostic push
  80:Drivers/CMSIS/Include/cmsis_gcc.h ****   #pragma GCC diagnostic ignored "-Wpacked"
  81:Drivers/CMSIS/Include/cmsis_gcc.h ****   #pragma GCC diagnostic ignored "-Wattributes"
  82:Drivers/CMSIS/Include/cmsis_gcc.h ****   __PACKED_STRUCT T_UINT16_WRITE { uint16_t v; };
  83:Drivers/CMSIS/Include/cmsis_gcc.h ****   #pragma GCC diagnostic pop
  84:Drivers/CMSIS/Include/cmsis_gcc.h ****   #define __UNALIGNED_UINT16_WRITE(addr, val)    (void)((((struct T_UINT16_WRITE *)(void *)(addr))-
  85:Drivers/CMSIS/Include/cmsis_gcc.h **** #endif
  86:Drivers/CMSIS/Include/cmsis_gcc.h **** #ifndef   __UNALIGNED_UINT16_READ
  87:Drivers/CMSIS/Include/cmsis_gcc.h ****   #pragma GCC diagnostic push
  88:Drivers/CMSIS/Include/cmsis_gcc.h ****   #pragma GCC diagnostic ignored "-Wpacked"
  89:Drivers/CMSIS/Include/cmsis_gcc.h ****   #pragma GCC diagnostic ignored "-Wattributes"
  90:Drivers/CMSIS/Include/cmsis_gcc.h ****   __PACKED_STRUCT T_UINT16_READ { uint16_t v; };
  91:Drivers/CMSIS/Include/cmsis_gcc.h ****   #pragma GCC diagnostic pop
  92:Drivers/CMSIS/Include/cmsis_gcc.h ****   #define __UNALIGNED_UINT16_READ(addr)          (((const struct T_UINT16_READ *)(const void *)(add
  93:Drivers/CMSIS/Include/cmsis_gcc.h **** #endif
  94:Drivers/CMSIS/Include/cmsis_gcc.h **** #ifndef   __UNALIGNED_UINT32_WRITE
  95:Drivers/CMSIS/Include/cmsis_gcc.h ****   #pragma GCC diagnostic push
  96:Drivers/CMSIS/Include/cmsis_gcc.h ****   #pragma GCC diagnostic ignored "-Wpacked"
  97:Drivers/CMSIS/Include/cmsis_gcc.h ****   #pragma GCC diagnostic ignored "-Wattributes"
  98:Drivers/CMSIS/Include/cmsis_gcc.h ****   __PACKED_STRUCT T_UINT32_WRITE { uint32_t v; };
  99:Drivers/CMSIS/Include/cmsis_gcc.h ****   #pragma GCC diagnostic pop
 100:Drivers/CMSIS/Include/cmsis_gcc.h ****   #define __UNALIGNED_UINT32_WRITE(addr, val)    (void)((((struct T_UINT32_WRITE *)(void *)(addr))-
 101:Drivers/CMSIS/Include/cmsis_gcc.h **** #endif
 102:Drivers/CMSIS/Include/cmsis_gcc.h **** #ifndef   __UNALIGNED_UINT32_READ
 103:Drivers/CMSIS/Include/cmsis_gcc.h ****   #pragma GCC diagnostic push
 104:Drivers/CMSIS/Include/cmsis_gcc.h ****   #pragma GCC diagnostic ignored "-Wpacked"
 105:Drivers/CMSIS/Include/cmsis_gcc.h ****   #pragma GCC diagnostic ignored "-Wattributes"
 106:Drivers/CMSIS/Include/cmsis_gcc.h ****   __PACKED_STRUCT T_UINT32_READ { uint32_t v; };
 107:Drivers/CMSIS/Include/cmsis_gcc.h ****   #pragma GCC diagnostic pop
 108:Drivers/CMSIS/Include/cmsis_gcc.h ****   #define __UNALIGNED_UINT32_READ(addr)          (((const struct T_UINT32_READ *)(const void *)(add
 109:Drivers/CMSIS/Include/cmsis_gcc.h **** #endif
 110:Drivers/CMSIS/Include/cmsis_gcc.h **** #ifndef   __ALIGNED
 111:Drivers/CMSIS/Include/cmsis_gcc.h ****   #define __ALIGNED(x)                           __attribute__((aligned(x)))
 112:Drivers/CMSIS/Include/cmsis_gcc.h **** #endif
 113:Drivers/CMSIS/Include/cmsis_gcc.h **** #ifndef   __RESTRICT
 114:Drivers/CMSIS/Include/cmsis_gcc.h ****   #define __RESTRICT                             __restrict
 115:Drivers/CMSIS/Include/cmsis_gcc.h **** #endif
 116:Drivers/CMSIS/Include/cmsis_gcc.h **** #ifndef   __COMPILER_BARRIER
 117:Drivers/CMSIS/Include/cmsis_gcc.h ****   #define __COMPILER_BARRIER()                   __ASM volatile("":::"memory")
 118:Drivers/CMSIS/Include/cmsis_gcc.h **** #endif
 119:Drivers/CMSIS/Include/cmsis_gcc.h **** 
 120:Drivers/CMSIS/Include/cmsis_gcc.h **** /* #########################  Startup and Lowlevel Init  ######################## */
 121:Drivers/CMSIS/Include/cmsis_gcc.h **** 
ARM GAS  /tmp/ccaH4Grf.s 			page 17


 122:Drivers/CMSIS/Include/cmsis_gcc.h **** #ifndef __PROGRAM_START
 123:Drivers/CMSIS/Include/cmsis_gcc.h **** 
 124:Drivers/CMSIS/Include/cmsis_gcc.h **** /**
 125:Drivers/CMSIS/Include/cmsis_gcc.h ****   \brief   Initializes data and bss sections
 126:Drivers/CMSIS/Include/cmsis_gcc.h ****   \details This default implementations initialized all data and additional bss
 127:Drivers/CMSIS/Include/cmsis_gcc.h ****            sections relying on .copy.table and .zero.table specified properly
 128:Drivers/CMSIS/Include/cmsis_gcc.h ****            in the used linker script.
 129:Drivers/CMSIS/Include/cmsis_gcc.h **** 
 130:Drivers/CMSIS/Include/cmsis_gcc.h ****  */
 131:Drivers/CMSIS/Include/cmsis_gcc.h **** __STATIC_FORCEINLINE __NO_RETURN void __cmsis_start(void)
 132:Drivers/CMSIS/Include/cmsis_gcc.h **** {
 133:Drivers/CMSIS/Include/cmsis_gcc.h ****   extern void _start(void) __NO_RETURN;
 134:Drivers/CMSIS/Include/cmsis_gcc.h **** 
 135:Drivers/CMSIS/Include/cmsis_gcc.h ****   typedef struct {
 136:Drivers/CMSIS/Include/cmsis_gcc.h ****     uint32_t const* src;
 137:Drivers/CMSIS/Include/cmsis_gcc.h ****     uint32_t* dest;
 138:Drivers/CMSIS/Include/cmsis_gcc.h ****     uint32_t  wlen;
 139:Drivers/CMSIS/Include/cmsis_gcc.h ****   } __copy_table_t;
 140:Drivers/CMSIS/Include/cmsis_gcc.h **** 
 141:Drivers/CMSIS/Include/cmsis_gcc.h ****   typedef struct {
 142:Drivers/CMSIS/Include/cmsis_gcc.h ****     uint32_t* dest;
 143:Drivers/CMSIS/Include/cmsis_gcc.h ****     uint32_t  wlen;
 144:Drivers/CMSIS/Include/cmsis_gcc.h ****   } __zero_table_t;
 145:Drivers/CMSIS/Include/cmsis_gcc.h **** 
 146:Drivers/CMSIS/Include/cmsis_gcc.h ****   extern const __copy_table_t __copy_table_start__;
 147:Drivers/CMSIS/Include/cmsis_gcc.h ****   extern const __copy_table_t __copy_table_end__;
 148:Drivers/CMSIS/Include/cmsis_gcc.h ****   extern const __zero_table_t __zero_table_start__;
 149:Drivers/CMSIS/Include/cmsis_gcc.h ****   extern const __zero_table_t __zero_table_end__;
 150:Drivers/CMSIS/Include/cmsis_gcc.h **** 
 151:Drivers/CMSIS/Include/cmsis_gcc.h ****   for (__copy_table_t const* pTable = &__copy_table_start__; pTable < &__copy_table_end__; ++pTable
 152:Drivers/CMSIS/Include/cmsis_gcc.h ****     for(uint32_t i=0u; i<pTable->wlen; ++i) {
 153:Drivers/CMSIS/Include/cmsis_gcc.h ****       pTable->dest[i] = pTable->src[i];
 154:Drivers/CMSIS/Include/cmsis_gcc.h ****     }
 155:Drivers/CMSIS/Include/cmsis_gcc.h ****   }
 156:Drivers/CMSIS/Include/cmsis_gcc.h **** 
 157:Drivers/CMSIS/Include/cmsis_gcc.h ****   for (__zero_table_t const* pTable = &__zero_table_start__; pTable < &__zero_table_end__; ++pTable
 158:Drivers/CMSIS/Include/cmsis_gcc.h ****     for(uint32_t i=0u; i<pTable->wlen; ++i) {
 159:Drivers/CMSIS/Include/cmsis_gcc.h ****       pTable->dest[i] = 0u;
 160:Drivers/CMSIS/Include/cmsis_gcc.h ****     }
 161:Drivers/CMSIS/Include/cmsis_gcc.h ****   }
 162:Drivers/CMSIS/Include/cmsis_gcc.h **** 
 163:Drivers/CMSIS/Include/cmsis_gcc.h ****   _start();
 164:Drivers/CMSIS/Include/cmsis_gcc.h **** }
 165:Drivers/CMSIS/Include/cmsis_gcc.h **** 
 166:Drivers/CMSIS/Include/cmsis_gcc.h **** #define __PROGRAM_START           __cmsis_start
 167:Drivers/CMSIS/Include/cmsis_gcc.h **** #endif
 168:Drivers/CMSIS/Include/cmsis_gcc.h **** 
 169:Drivers/CMSIS/Include/cmsis_gcc.h **** #ifndef __INITIAL_SP
 170:Drivers/CMSIS/Include/cmsis_gcc.h **** #define __INITIAL_SP              __StackTop
 171:Drivers/CMSIS/Include/cmsis_gcc.h **** #endif
 172:Drivers/CMSIS/Include/cmsis_gcc.h **** 
 173:Drivers/CMSIS/Include/cmsis_gcc.h **** #ifndef __STACK_LIMIT
 174:Drivers/CMSIS/Include/cmsis_gcc.h **** #define __STACK_LIMIT             __StackLimit
 175:Drivers/CMSIS/Include/cmsis_gcc.h **** #endif
 176:Drivers/CMSIS/Include/cmsis_gcc.h **** 
 177:Drivers/CMSIS/Include/cmsis_gcc.h **** #ifndef __VECTOR_TABLE
 178:Drivers/CMSIS/Include/cmsis_gcc.h **** #define __VECTOR_TABLE            __Vectors
ARM GAS  /tmp/ccaH4Grf.s 			page 18


 179:Drivers/CMSIS/Include/cmsis_gcc.h **** #endif
 180:Drivers/CMSIS/Include/cmsis_gcc.h **** 
 181:Drivers/CMSIS/Include/cmsis_gcc.h **** #ifndef __VECTOR_TABLE_ATTRIBUTE
 182:Drivers/CMSIS/Include/cmsis_gcc.h **** #define __VECTOR_TABLE_ATTRIBUTE  __attribute__((used, section(".vectors")))
 183:Drivers/CMSIS/Include/cmsis_gcc.h **** #endif
 184:Drivers/CMSIS/Include/cmsis_gcc.h **** 
 185:Drivers/CMSIS/Include/cmsis_gcc.h **** #if defined (__ARM_FEATURE_CMSE) && (__ARM_FEATURE_CMSE == 3U)
 186:Drivers/CMSIS/Include/cmsis_gcc.h **** #ifndef __STACK_SEAL
 187:Drivers/CMSIS/Include/cmsis_gcc.h **** #define __STACK_SEAL              __StackSeal
 188:Drivers/CMSIS/Include/cmsis_gcc.h **** #endif
 189:Drivers/CMSIS/Include/cmsis_gcc.h **** 
 190:Drivers/CMSIS/Include/cmsis_gcc.h **** #ifndef __TZ_STACK_SEAL_SIZE
 191:Drivers/CMSIS/Include/cmsis_gcc.h **** #define __TZ_STACK_SEAL_SIZE      8U
 192:Drivers/CMSIS/Include/cmsis_gcc.h **** #endif
 193:Drivers/CMSIS/Include/cmsis_gcc.h **** 
 194:Drivers/CMSIS/Include/cmsis_gcc.h **** #ifndef __TZ_STACK_SEAL_VALUE
 195:Drivers/CMSIS/Include/cmsis_gcc.h **** #define __TZ_STACK_SEAL_VALUE     0xFEF5EDA5FEF5EDA5ULL
 196:Drivers/CMSIS/Include/cmsis_gcc.h **** #endif
 197:Drivers/CMSIS/Include/cmsis_gcc.h **** 
 198:Drivers/CMSIS/Include/cmsis_gcc.h **** 
 199:Drivers/CMSIS/Include/cmsis_gcc.h **** __STATIC_FORCEINLINE void __TZ_set_STACKSEAL_S (uint32_t* stackTop) {
 200:Drivers/CMSIS/Include/cmsis_gcc.h ****   *((uint64_t *)stackTop) = __TZ_STACK_SEAL_VALUE;
 201:Drivers/CMSIS/Include/cmsis_gcc.h **** }
 202:Drivers/CMSIS/Include/cmsis_gcc.h **** #endif
 203:Drivers/CMSIS/Include/cmsis_gcc.h **** 
 204:Drivers/CMSIS/Include/cmsis_gcc.h **** 
 205:Drivers/CMSIS/Include/cmsis_gcc.h **** /* ##########################  Core Instruction Access  ######################### */
 206:Drivers/CMSIS/Include/cmsis_gcc.h **** /** \defgroup CMSIS_Core_InstructionInterface CMSIS Core Instruction Interface
 207:Drivers/CMSIS/Include/cmsis_gcc.h ****   Access to dedicated instructions
 208:Drivers/CMSIS/Include/cmsis_gcc.h ****   @{
 209:Drivers/CMSIS/Include/cmsis_gcc.h **** */
 210:Drivers/CMSIS/Include/cmsis_gcc.h **** 
 211:Drivers/CMSIS/Include/cmsis_gcc.h **** /* Define macros for porting to both thumb1 and thumb2.
 212:Drivers/CMSIS/Include/cmsis_gcc.h ****  * For thumb1, use low register (r0-r7), specified by constraint "l"
 213:Drivers/CMSIS/Include/cmsis_gcc.h ****  * Otherwise, use general registers, specified by constraint "r" */
 214:Drivers/CMSIS/Include/cmsis_gcc.h **** #if defined (__thumb__) && !defined (__thumb2__)
 215:Drivers/CMSIS/Include/cmsis_gcc.h **** #define __CMSIS_GCC_OUT_REG(r) "=l" (r)
 216:Drivers/CMSIS/Include/cmsis_gcc.h **** #define __CMSIS_GCC_RW_REG(r) "+l" (r)
 217:Drivers/CMSIS/Include/cmsis_gcc.h **** #define __CMSIS_GCC_USE_REG(r) "l" (r)
 218:Drivers/CMSIS/Include/cmsis_gcc.h **** #else
 219:Drivers/CMSIS/Include/cmsis_gcc.h **** #define __CMSIS_GCC_OUT_REG(r) "=r" (r)
 220:Drivers/CMSIS/Include/cmsis_gcc.h **** #define __CMSIS_GCC_RW_REG(r) "+r" (r)
 221:Drivers/CMSIS/Include/cmsis_gcc.h **** #define __CMSIS_GCC_USE_REG(r) "r" (r)
 222:Drivers/CMSIS/Include/cmsis_gcc.h **** #endif
 223:Drivers/CMSIS/Include/cmsis_gcc.h **** 
 224:Drivers/CMSIS/Include/cmsis_gcc.h **** /**
 225:Drivers/CMSIS/Include/cmsis_gcc.h ****   \brief   No Operation
 226:Drivers/CMSIS/Include/cmsis_gcc.h ****   \details No Operation does nothing. This instruction can be used for code alignment purposes.
 227:Drivers/CMSIS/Include/cmsis_gcc.h ****  */
 228:Drivers/CMSIS/Include/cmsis_gcc.h **** #define __NOP()                             __ASM volatile ("nop")
 229:Drivers/CMSIS/Include/cmsis_gcc.h **** 
 230:Drivers/CMSIS/Include/cmsis_gcc.h **** /**
 231:Drivers/CMSIS/Include/cmsis_gcc.h ****   \brief   Wait For Interrupt
 232:Drivers/CMSIS/Include/cmsis_gcc.h ****   \details Wait For Interrupt is a hint instruction that suspends execution until one of a number o
 233:Drivers/CMSIS/Include/cmsis_gcc.h ****  */
 234:Drivers/CMSIS/Include/cmsis_gcc.h **** #define __WFI()                             __ASM volatile ("wfi":::"memory")
 235:Drivers/CMSIS/Include/cmsis_gcc.h **** 
ARM GAS  /tmp/ccaH4Grf.s 			page 19


 236:Drivers/CMSIS/Include/cmsis_gcc.h **** 
 237:Drivers/CMSIS/Include/cmsis_gcc.h **** /**
 238:Drivers/CMSIS/Include/cmsis_gcc.h ****   \brief   Wait For Event
 239:Drivers/CMSIS/Include/cmsis_gcc.h ****   \details Wait For Event is a hint instruction that permits the processor to enter
 240:Drivers/CMSIS/Include/cmsis_gcc.h ****            a low-power state until one of a number of events occurs.
 241:Drivers/CMSIS/Include/cmsis_gcc.h ****  */
 242:Drivers/CMSIS/Include/cmsis_gcc.h **** #define __WFE()                             __ASM volatile ("wfe":::"memory")
 243:Drivers/CMSIS/Include/cmsis_gcc.h **** 
 244:Drivers/CMSIS/Include/cmsis_gcc.h **** 
 245:Drivers/CMSIS/Include/cmsis_gcc.h **** /**
 246:Drivers/CMSIS/Include/cmsis_gcc.h ****   \brief   Send Event
 247:Drivers/CMSIS/Include/cmsis_gcc.h ****   \details Send Event is a hint instruction. It causes an event to be signaled to the CPU.
 248:Drivers/CMSIS/Include/cmsis_gcc.h ****  */
 249:Drivers/CMSIS/Include/cmsis_gcc.h **** #define __SEV()                             __ASM volatile ("sev")
 250:Drivers/CMSIS/Include/cmsis_gcc.h **** 
 251:Drivers/CMSIS/Include/cmsis_gcc.h **** 
 252:Drivers/CMSIS/Include/cmsis_gcc.h **** /**
 253:Drivers/CMSIS/Include/cmsis_gcc.h ****   \brief   Instruction Synchronization Barrier
 254:Drivers/CMSIS/Include/cmsis_gcc.h ****   \details Instruction Synchronization Barrier flushes the pipeline in the processor,
 255:Drivers/CMSIS/Include/cmsis_gcc.h ****            so that all instructions following the ISB are fetched from cache or memory,
 256:Drivers/CMSIS/Include/cmsis_gcc.h ****            after the instruction has been completed.
 257:Drivers/CMSIS/Include/cmsis_gcc.h ****  */
 258:Drivers/CMSIS/Include/cmsis_gcc.h **** __STATIC_FORCEINLINE void __ISB(void)
 259:Drivers/CMSIS/Include/cmsis_gcc.h **** {
 260:Drivers/CMSIS/Include/cmsis_gcc.h ****   __ASM volatile ("isb 0xF":::"memory");
 261:Drivers/CMSIS/Include/cmsis_gcc.h **** }
 262:Drivers/CMSIS/Include/cmsis_gcc.h **** 
 263:Drivers/CMSIS/Include/cmsis_gcc.h **** 
 264:Drivers/CMSIS/Include/cmsis_gcc.h **** /**
 265:Drivers/CMSIS/Include/cmsis_gcc.h ****   \brief   Data Synchronization Barrier
 266:Drivers/CMSIS/Include/cmsis_gcc.h ****   \details Acts as a special kind of Data Memory Barrier.
 267:Drivers/CMSIS/Include/cmsis_gcc.h ****            It completes when all explicit memory accesses before this instruction complete.
 268:Drivers/CMSIS/Include/cmsis_gcc.h ****  */
 269:Drivers/CMSIS/Include/cmsis_gcc.h **** __STATIC_FORCEINLINE void __DSB(void)
 270:Drivers/CMSIS/Include/cmsis_gcc.h **** {
 271:Drivers/CMSIS/Include/cmsis_gcc.h ****   __ASM volatile ("dsb 0xF":::"memory");
 272:Drivers/CMSIS/Include/cmsis_gcc.h **** }
 273:Drivers/CMSIS/Include/cmsis_gcc.h **** 
 274:Drivers/CMSIS/Include/cmsis_gcc.h **** 
 275:Drivers/CMSIS/Include/cmsis_gcc.h **** /**
 276:Drivers/CMSIS/Include/cmsis_gcc.h ****   \brief   Data Memory Barrier
 277:Drivers/CMSIS/Include/cmsis_gcc.h ****   \details Ensures the apparent order of the explicit memory operations before
 278:Drivers/CMSIS/Include/cmsis_gcc.h ****            and after the instruction, without ensuring their completion.
 279:Drivers/CMSIS/Include/cmsis_gcc.h ****  */
 280:Drivers/CMSIS/Include/cmsis_gcc.h **** __STATIC_FORCEINLINE void __DMB(void)
 281:Drivers/CMSIS/Include/cmsis_gcc.h **** {
 282:Drivers/CMSIS/Include/cmsis_gcc.h ****   __ASM volatile ("dmb 0xF":::"memory");
 283:Drivers/CMSIS/Include/cmsis_gcc.h **** }
 284:Drivers/CMSIS/Include/cmsis_gcc.h **** 
 285:Drivers/CMSIS/Include/cmsis_gcc.h **** 
 286:Drivers/CMSIS/Include/cmsis_gcc.h **** /**
 287:Drivers/CMSIS/Include/cmsis_gcc.h ****   \brief   Reverse byte order (32 bit)
 288:Drivers/CMSIS/Include/cmsis_gcc.h ****   \details Reverses the byte order in unsigned integer value. For example, 0x12345678 becomes 0x785
 289:Drivers/CMSIS/Include/cmsis_gcc.h ****   \param [in]    value  Value to reverse
 290:Drivers/CMSIS/Include/cmsis_gcc.h ****   \return               Reversed value
 291:Drivers/CMSIS/Include/cmsis_gcc.h ****  */
 292:Drivers/CMSIS/Include/cmsis_gcc.h **** __STATIC_FORCEINLINE uint32_t __REV(uint32_t value)
ARM GAS  /tmp/ccaH4Grf.s 			page 20


 293:Drivers/CMSIS/Include/cmsis_gcc.h **** {
 294:Drivers/CMSIS/Include/cmsis_gcc.h **** #if (__GNUC__ > 4) || (__GNUC__ == 4 && __GNUC_MINOR__ >= 5)
 295:Drivers/CMSIS/Include/cmsis_gcc.h ****   return __builtin_bswap32(value);
 296:Drivers/CMSIS/Include/cmsis_gcc.h **** #else
 297:Drivers/CMSIS/Include/cmsis_gcc.h ****   uint32_t result;
 298:Drivers/CMSIS/Include/cmsis_gcc.h **** 
 299:Drivers/CMSIS/Include/cmsis_gcc.h ****   __ASM ("rev %0, %1" : __CMSIS_GCC_OUT_REG (result) : __CMSIS_GCC_USE_REG (value) );
 300:Drivers/CMSIS/Include/cmsis_gcc.h ****   return result;
 301:Drivers/CMSIS/Include/cmsis_gcc.h **** #endif
 302:Drivers/CMSIS/Include/cmsis_gcc.h **** }
 303:Drivers/CMSIS/Include/cmsis_gcc.h **** 
 304:Drivers/CMSIS/Include/cmsis_gcc.h **** 
 305:Drivers/CMSIS/Include/cmsis_gcc.h **** /**
 306:Drivers/CMSIS/Include/cmsis_gcc.h ****   \brief   Reverse byte order (16 bit)
 307:Drivers/CMSIS/Include/cmsis_gcc.h ****   \details Reverses the byte order within each halfword of a word. For example, 0x12345678 becomes 
 308:Drivers/CMSIS/Include/cmsis_gcc.h ****   \param [in]    value  Value to reverse
 309:Drivers/CMSIS/Include/cmsis_gcc.h ****   \return               Reversed value
 310:Drivers/CMSIS/Include/cmsis_gcc.h ****  */
 311:Drivers/CMSIS/Include/cmsis_gcc.h **** __STATIC_FORCEINLINE uint32_t __REV16(uint32_t value)
 312:Drivers/CMSIS/Include/cmsis_gcc.h **** {
 313:Drivers/CMSIS/Include/cmsis_gcc.h ****   uint32_t result;
 314:Drivers/CMSIS/Include/cmsis_gcc.h **** 
 315:Drivers/CMSIS/Include/cmsis_gcc.h ****   __ASM ("rev16 %0, %1" : __CMSIS_GCC_OUT_REG (result) : __CMSIS_GCC_USE_REG (value) );
 316:Drivers/CMSIS/Include/cmsis_gcc.h ****   return result;
 317:Drivers/CMSIS/Include/cmsis_gcc.h **** }
 318:Drivers/CMSIS/Include/cmsis_gcc.h **** 
 319:Drivers/CMSIS/Include/cmsis_gcc.h **** 
 320:Drivers/CMSIS/Include/cmsis_gcc.h **** /**
 321:Drivers/CMSIS/Include/cmsis_gcc.h ****   \brief   Reverse byte order (16 bit)
 322:Drivers/CMSIS/Include/cmsis_gcc.h ****   \details Reverses the byte order in a 16-bit value and returns the signed 16-bit result. For exam
 323:Drivers/CMSIS/Include/cmsis_gcc.h ****   \param [in]    value  Value to reverse
 324:Drivers/CMSIS/Include/cmsis_gcc.h ****   \return               Reversed value
 325:Drivers/CMSIS/Include/cmsis_gcc.h ****  */
 326:Drivers/CMSIS/Include/cmsis_gcc.h **** __STATIC_FORCEINLINE int16_t __REVSH(int16_t value)
 327:Drivers/CMSIS/Include/cmsis_gcc.h **** {
 328:Drivers/CMSIS/Include/cmsis_gcc.h **** #if (__GNUC__ > 4) || (__GNUC__ == 4 && __GNUC_MINOR__ >= 8)
 329:Drivers/CMSIS/Include/cmsis_gcc.h ****   return (int16_t)__builtin_bswap16(value);
 330:Drivers/CMSIS/Include/cmsis_gcc.h **** #else
 331:Drivers/CMSIS/Include/cmsis_gcc.h ****   int16_t result;
 332:Drivers/CMSIS/Include/cmsis_gcc.h **** 
 333:Drivers/CMSIS/Include/cmsis_gcc.h ****   __ASM ("revsh %0, %1" : __CMSIS_GCC_OUT_REG (result) : __CMSIS_GCC_USE_REG (value) );
 334:Drivers/CMSIS/Include/cmsis_gcc.h ****   return result;
 335:Drivers/CMSIS/Include/cmsis_gcc.h **** #endif
 336:Drivers/CMSIS/Include/cmsis_gcc.h **** }
 337:Drivers/CMSIS/Include/cmsis_gcc.h **** 
 338:Drivers/CMSIS/Include/cmsis_gcc.h **** 
 339:Drivers/CMSIS/Include/cmsis_gcc.h **** /**
 340:Drivers/CMSIS/Include/cmsis_gcc.h ****   \brief   Rotate Right in unsigned value (32 bit)
 341:Drivers/CMSIS/Include/cmsis_gcc.h ****   \details Rotate Right (immediate) provides the value of the contents of a register rotated by a v
 342:Drivers/CMSIS/Include/cmsis_gcc.h ****   \param [in]    op1  Value to rotate
 343:Drivers/CMSIS/Include/cmsis_gcc.h ****   \param [in]    op2  Number of Bits to rotate
 344:Drivers/CMSIS/Include/cmsis_gcc.h ****   \return               Rotated value
 345:Drivers/CMSIS/Include/cmsis_gcc.h ****  */
 346:Drivers/CMSIS/Include/cmsis_gcc.h **** __STATIC_FORCEINLINE uint32_t __ROR(uint32_t op1, uint32_t op2)
 347:Drivers/CMSIS/Include/cmsis_gcc.h **** {
 348:Drivers/CMSIS/Include/cmsis_gcc.h ****   op2 %= 32U;
 349:Drivers/CMSIS/Include/cmsis_gcc.h ****   if (op2 == 0U)
ARM GAS  /tmp/ccaH4Grf.s 			page 21


 350:Drivers/CMSIS/Include/cmsis_gcc.h ****   {
 351:Drivers/CMSIS/Include/cmsis_gcc.h ****     return op1;
 352:Drivers/CMSIS/Include/cmsis_gcc.h ****   }
 353:Drivers/CMSIS/Include/cmsis_gcc.h ****   return (op1 >> op2) | (op1 << (32U - op2));
 354:Drivers/CMSIS/Include/cmsis_gcc.h **** }
 355:Drivers/CMSIS/Include/cmsis_gcc.h **** 
 356:Drivers/CMSIS/Include/cmsis_gcc.h **** 
 357:Drivers/CMSIS/Include/cmsis_gcc.h **** /**
 358:Drivers/CMSIS/Include/cmsis_gcc.h ****   \brief   Breakpoint
 359:Drivers/CMSIS/Include/cmsis_gcc.h ****   \details Causes the processor to enter Debug state.
 360:Drivers/CMSIS/Include/cmsis_gcc.h ****            Debug tools can use this to investigate system state when the instruction at a particula
 361:Drivers/CMSIS/Include/cmsis_gcc.h ****   \param [in]    value  is ignored by the processor.
 362:Drivers/CMSIS/Include/cmsis_gcc.h ****                  If required, a debugger can use it to store additional information about the break
 363:Drivers/CMSIS/Include/cmsis_gcc.h ****  */
 364:Drivers/CMSIS/Include/cmsis_gcc.h **** #define __BKPT(value)                       __ASM volatile ("bkpt "#value)
 365:Drivers/CMSIS/Include/cmsis_gcc.h **** 
 366:Drivers/CMSIS/Include/cmsis_gcc.h **** 
 367:Drivers/CMSIS/Include/cmsis_gcc.h **** /**
 368:Drivers/CMSIS/Include/cmsis_gcc.h ****   \brief   Reverse bit order of value
 369:Drivers/CMSIS/Include/cmsis_gcc.h ****   \details Reverses the bit order of the given value.
 370:Drivers/CMSIS/Include/cmsis_gcc.h ****   \param [in]    value  Value to reverse
 371:Drivers/CMSIS/Include/cmsis_gcc.h ****   \return               Reversed value
 372:Drivers/CMSIS/Include/cmsis_gcc.h ****  */
 373:Drivers/CMSIS/Include/cmsis_gcc.h **** __STATIC_FORCEINLINE uint32_t __RBIT(uint32_t value)
 374:Drivers/CMSIS/Include/cmsis_gcc.h **** {
 375:Drivers/CMSIS/Include/cmsis_gcc.h ****   uint32_t result;
 376:Drivers/CMSIS/Include/cmsis_gcc.h **** 
 377:Drivers/CMSIS/Include/cmsis_gcc.h **** #if ((defined (__ARM_ARCH_7M__      ) && (__ARM_ARCH_7M__      == 1)) || \
 378:Drivers/CMSIS/Include/cmsis_gcc.h ****      (defined (__ARM_ARCH_7EM__     ) && (__ARM_ARCH_7EM__     == 1)) || \
 379:Drivers/CMSIS/Include/cmsis_gcc.h ****      (defined (__ARM_ARCH_8M_MAIN__ ) && (__ARM_ARCH_8M_MAIN__ == 1))    )
 380:Drivers/CMSIS/Include/cmsis_gcc.h ****    __ASM ("rbit %0, %1" : "=r" (result) : "r" (value) );
 381:Drivers/CMSIS/Include/cmsis_gcc.h **** #else
 382:Drivers/CMSIS/Include/cmsis_gcc.h ****   uint32_t s = (4U /*sizeof(v)*/ * 8U) - 1U; /* extra shift needed at end */
 383:Drivers/CMSIS/Include/cmsis_gcc.h **** 
 384:Drivers/CMSIS/Include/cmsis_gcc.h ****   result = value;                      /* r will be reversed bits of v; first get LSB of v */
 385:Drivers/CMSIS/Include/cmsis_gcc.h ****   for (value >>= 1U; value != 0U; value >>= 1U)
 386:Drivers/CMSIS/Include/cmsis_gcc.h ****   {
 387:Drivers/CMSIS/Include/cmsis_gcc.h ****     result <<= 1U;
 388:Drivers/CMSIS/Include/cmsis_gcc.h ****     result |= value & 1U;
 389:Drivers/CMSIS/Include/cmsis_gcc.h ****     s--;
 390:Drivers/CMSIS/Include/cmsis_gcc.h ****   }
 391:Drivers/CMSIS/Include/cmsis_gcc.h ****   result <<= s;                        /* shift when v's highest bits are zero */
 392:Drivers/CMSIS/Include/cmsis_gcc.h **** #endif
 393:Drivers/CMSIS/Include/cmsis_gcc.h ****   return result;
 394:Drivers/CMSIS/Include/cmsis_gcc.h **** }
 395:Drivers/CMSIS/Include/cmsis_gcc.h **** 
 396:Drivers/CMSIS/Include/cmsis_gcc.h **** 
 397:Drivers/CMSIS/Include/cmsis_gcc.h **** /**
 398:Drivers/CMSIS/Include/cmsis_gcc.h ****   \brief   Count leading zeros
 399:Drivers/CMSIS/Include/cmsis_gcc.h ****   \details Counts the number of leading zeros of a data value.
 400:Drivers/CMSIS/Include/cmsis_gcc.h ****   \param [in]  value  Value to count the leading zeros
 401:Drivers/CMSIS/Include/cmsis_gcc.h ****   \return             number of leading zeros in value
 402:Drivers/CMSIS/Include/cmsis_gcc.h ****  */
 403:Drivers/CMSIS/Include/cmsis_gcc.h **** __STATIC_FORCEINLINE uint8_t __CLZ(uint32_t value)
 404:Drivers/CMSIS/Include/cmsis_gcc.h **** {
 405:Drivers/CMSIS/Include/cmsis_gcc.h ****   /* Even though __builtin_clz produces a CLZ instruction on ARM, formally
 406:Drivers/CMSIS/Include/cmsis_gcc.h ****      __builtin_clz(0) is undefined behaviour, so handle this case specially.
ARM GAS  /tmp/ccaH4Grf.s 			page 22


 407:Drivers/CMSIS/Include/cmsis_gcc.h ****      This guarantees ARM-compatible results if happening to compile on a non-ARM
 408:Drivers/CMSIS/Include/cmsis_gcc.h ****      target, and ensures the compiler doesn't decide to activate any
 409:Drivers/CMSIS/Include/cmsis_gcc.h ****      optimisations using the logic "value was passed to __builtin_clz, so it
 410:Drivers/CMSIS/Include/cmsis_gcc.h ****      is non-zero".
 411:Drivers/CMSIS/Include/cmsis_gcc.h ****      ARM GCC 7.3 and possibly earlier will optimise this test away, leaving a
 412:Drivers/CMSIS/Include/cmsis_gcc.h ****      single CLZ instruction.
 413:Drivers/CMSIS/Include/cmsis_gcc.h ****    */
 414:Drivers/CMSIS/Include/cmsis_gcc.h ****   if (value == 0U)
 415:Drivers/CMSIS/Include/cmsis_gcc.h ****   {
 416:Drivers/CMSIS/Include/cmsis_gcc.h ****     return 32U;
 417:Drivers/CMSIS/Include/cmsis_gcc.h ****   }
 418:Drivers/CMSIS/Include/cmsis_gcc.h ****   return __builtin_clz(value);
 419:Drivers/CMSIS/Include/cmsis_gcc.h **** }
 420:Drivers/CMSIS/Include/cmsis_gcc.h **** 
 421:Drivers/CMSIS/Include/cmsis_gcc.h **** 
 422:Drivers/CMSIS/Include/cmsis_gcc.h **** #if ((defined (__ARM_ARCH_7M__      ) && (__ARM_ARCH_7M__      == 1)) || \
 423:Drivers/CMSIS/Include/cmsis_gcc.h ****      (defined (__ARM_ARCH_7EM__     ) && (__ARM_ARCH_7EM__     == 1)) || \
 424:Drivers/CMSIS/Include/cmsis_gcc.h ****      (defined (__ARM_ARCH_8M_MAIN__ ) && (__ARM_ARCH_8M_MAIN__ == 1)) || \
 425:Drivers/CMSIS/Include/cmsis_gcc.h ****      (defined (__ARM_ARCH_8M_BASE__ ) && (__ARM_ARCH_8M_BASE__ == 1))    )
 426:Drivers/CMSIS/Include/cmsis_gcc.h **** /**
 427:Drivers/CMSIS/Include/cmsis_gcc.h ****   \brief   LDR Exclusive (8 bit)
 428:Drivers/CMSIS/Include/cmsis_gcc.h ****   \details Executes a exclusive LDR instruction for 8 bit value.
 429:Drivers/CMSIS/Include/cmsis_gcc.h ****   \param [in]    ptr  Pointer to data
 430:Drivers/CMSIS/Include/cmsis_gcc.h ****   \return             value of type uint8_t at (*ptr)
 431:Drivers/CMSIS/Include/cmsis_gcc.h ****  */
 432:Drivers/CMSIS/Include/cmsis_gcc.h **** __STATIC_FORCEINLINE uint8_t __LDREXB(volatile uint8_t *addr)
 433:Drivers/CMSIS/Include/cmsis_gcc.h **** {
 434:Drivers/CMSIS/Include/cmsis_gcc.h ****     uint32_t result;
 435:Drivers/CMSIS/Include/cmsis_gcc.h **** 
 436:Drivers/CMSIS/Include/cmsis_gcc.h **** #if (__GNUC__ > 4) || (__GNUC__ == 4 && __GNUC_MINOR__ >= 8)
 437:Drivers/CMSIS/Include/cmsis_gcc.h ****    __ASM volatile ("ldrexb %0, %1" : "=r" (result) : "Q" (*addr) );
 438:Drivers/CMSIS/Include/cmsis_gcc.h **** #else
 439:Drivers/CMSIS/Include/cmsis_gcc.h ****     /* Prior to GCC 4.8, "Q" will be expanded to [rx, #0] which is not
 440:Drivers/CMSIS/Include/cmsis_gcc.h ****        accepted by assembler. So has to use following less efficient pattern.
 441:Drivers/CMSIS/Include/cmsis_gcc.h ****     */
 442:Drivers/CMSIS/Include/cmsis_gcc.h ****    __ASM volatile ("ldrexb %0, [%1]" : "=r" (result) : "r" (addr) : "memory" );
 443:Drivers/CMSIS/Include/cmsis_gcc.h **** #endif
 444:Drivers/CMSIS/Include/cmsis_gcc.h ****    return ((uint8_t) result);    /* Add explicit type cast here */
 445:Drivers/CMSIS/Include/cmsis_gcc.h **** }
 446:Drivers/CMSIS/Include/cmsis_gcc.h **** 
 447:Drivers/CMSIS/Include/cmsis_gcc.h **** 
 448:Drivers/CMSIS/Include/cmsis_gcc.h **** /**
 449:Drivers/CMSIS/Include/cmsis_gcc.h ****   \brief   LDR Exclusive (16 bit)
 450:Drivers/CMSIS/Include/cmsis_gcc.h ****   \details Executes a exclusive LDR instruction for 16 bit values.
 451:Drivers/CMSIS/Include/cmsis_gcc.h ****   \param [in]    ptr  Pointer to data
 452:Drivers/CMSIS/Include/cmsis_gcc.h ****   \return        value of type uint16_t at (*ptr)
 453:Drivers/CMSIS/Include/cmsis_gcc.h ****  */
 454:Drivers/CMSIS/Include/cmsis_gcc.h **** __STATIC_FORCEINLINE uint16_t __LDREXH(volatile uint16_t *addr)
 455:Drivers/CMSIS/Include/cmsis_gcc.h **** {
 456:Drivers/CMSIS/Include/cmsis_gcc.h ****     uint32_t result;
 457:Drivers/CMSIS/Include/cmsis_gcc.h **** 
 458:Drivers/CMSIS/Include/cmsis_gcc.h **** #if (__GNUC__ > 4) || (__GNUC__ == 4 && __GNUC_MINOR__ >= 8)
 459:Drivers/CMSIS/Include/cmsis_gcc.h ****    __ASM volatile ("ldrexh %0, %1" : "=r" (result) : "Q" (*addr) );
 460:Drivers/CMSIS/Include/cmsis_gcc.h **** #else
 461:Drivers/CMSIS/Include/cmsis_gcc.h ****     /* Prior to GCC 4.8, "Q" will be expanded to [rx, #0] which is not
 462:Drivers/CMSIS/Include/cmsis_gcc.h ****        accepted by assembler. So has to use following less efficient pattern.
 463:Drivers/CMSIS/Include/cmsis_gcc.h ****     */
ARM GAS  /tmp/ccaH4Grf.s 			page 23


 464:Drivers/CMSIS/Include/cmsis_gcc.h ****    __ASM volatile ("ldrexh %0, [%1]" : "=r" (result) : "r" (addr) : "memory" );
 465:Drivers/CMSIS/Include/cmsis_gcc.h **** #endif
 466:Drivers/CMSIS/Include/cmsis_gcc.h ****    return ((uint16_t) result);    /* Add explicit type cast here */
 467:Drivers/CMSIS/Include/cmsis_gcc.h **** }
 468:Drivers/CMSIS/Include/cmsis_gcc.h **** 
 469:Drivers/CMSIS/Include/cmsis_gcc.h **** 
 470:Drivers/CMSIS/Include/cmsis_gcc.h **** /**
 471:Drivers/CMSIS/Include/cmsis_gcc.h ****   \brief   LDR Exclusive (32 bit)
 472:Drivers/CMSIS/Include/cmsis_gcc.h ****   \details Executes a exclusive LDR instruction for 32 bit values.
 473:Drivers/CMSIS/Include/cmsis_gcc.h ****   \param [in]    ptr  Pointer to data
 474:Drivers/CMSIS/Include/cmsis_gcc.h ****   \return        value of type uint32_t at (*ptr)
 475:Drivers/CMSIS/Include/cmsis_gcc.h ****  */
 476:Drivers/CMSIS/Include/cmsis_gcc.h **** __STATIC_FORCEINLINE uint32_t __LDREXW(volatile uint32_t *addr)
 477:Drivers/CMSIS/Include/cmsis_gcc.h **** {
 478:Drivers/CMSIS/Include/cmsis_gcc.h ****     uint32_t result;
 479:Drivers/CMSIS/Include/cmsis_gcc.h **** 
 480:Drivers/CMSIS/Include/cmsis_gcc.h ****    __ASM volatile ("ldrex %0, %1" : "=r" (result) : "Q" (*addr) );
 481:Drivers/CMSIS/Include/cmsis_gcc.h ****    return(result);
 482:Drivers/CMSIS/Include/cmsis_gcc.h **** }
 483:Drivers/CMSIS/Include/cmsis_gcc.h **** 
 484:Drivers/CMSIS/Include/cmsis_gcc.h **** 
 485:Drivers/CMSIS/Include/cmsis_gcc.h **** /**
 486:Drivers/CMSIS/Include/cmsis_gcc.h ****   \brief   STR Exclusive (8 bit)
 487:Drivers/CMSIS/Include/cmsis_gcc.h ****   \details Executes a exclusive STR instruction for 8 bit values.
 488:Drivers/CMSIS/Include/cmsis_gcc.h ****   \param [in]  value  Value to store
 489:Drivers/CMSIS/Include/cmsis_gcc.h ****   \param [in]    ptr  Pointer to location
 490:Drivers/CMSIS/Include/cmsis_gcc.h ****   \return          0  Function succeeded
 491:Drivers/CMSIS/Include/cmsis_gcc.h ****   \return          1  Function failed
 492:Drivers/CMSIS/Include/cmsis_gcc.h ****  */
 493:Drivers/CMSIS/Include/cmsis_gcc.h **** __STATIC_FORCEINLINE uint32_t __STREXB(uint8_t value, volatile uint8_t *addr)
 494:Drivers/CMSIS/Include/cmsis_gcc.h **** {
 495:Drivers/CMSIS/Include/cmsis_gcc.h ****    uint32_t result;
 496:Drivers/CMSIS/Include/cmsis_gcc.h **** 
 497:Drivers/CMSIS/Include/cmsis_gcc.h ****    __ASM volatile ("strexb %0, %2, %1" : "=&r" (result), "=Q" (*addr) : "r" ((uint32_t)value) );
 498:Drivers/CMSIS/Include/cmsis_gcc.h ****    return(result);
 499:Drivers/CMSIS/Include/cmsis_gcc.h **** }
 500:Drivers/CMSIS/Include/cmsis_gcc.h **** 
 501:Drivers/CMSIS/Include/cmsis_gcc.h **** 
 502:Drivers/CMSIS/Include/cmsis_gcc.h **** /**
 503:Drivers/CMSIS/Include/cmsis_gcc.h ****   \brief   STR Exclusive (16 bit)
 504:Drivers/CMSIS/Include/cmsis_gcc.h ****   \details Executes a exclusive STR instruction for 16 bit values.
 505:Drivers/CMSIS/Include/cmsis_gcc.h ****   \param [in]  value  Value to store
 506:Drivers/CMSIS/Include/cmsis_gcc.h ****   \param [in]    ptr  Pointer to location
 507:Drivers/CMSIS/Include/cmsis_gcc.h ****   \return          0  Function succeeded
 508:Drivers/CMSIS/Include/cmsis_gcc.h ****   \return          1  Function failed
 509:Drivers/CMSIS/Include/cmsis_gcc.h ****  */
 510:Drivers/CMSIS/Include/cmsis_gcc.h **** __STATIC_FORCEINLINE uint32_t __STREXH(uint16_t value, volatile uint16_t *addr)
 511:Drivers/CMSIS/Include/cmsis_gcc.h **** {
 512:Drivers/CMSIS/Include/cmsis_gcc.h ****    uint32_t result;
 513:Drivers/CMSIS/Include/cmsis_gcc.h **** 
 514:Drivers/CMSIS/Include/cmsis_gcc.h ****    __ASM volatile ("strexh %0, %2, %1" : "=&r" (result), "=Q" (*addr) : "r" ((uint32_t)value) );
 515:Drivers/CMSIS/Include/cmsis_gcc.h ****    return(result);
 516:Drivers/CMSIS/Include/cmsis_gcc.h **** }
 517:Drivers/CMSIS/Include/cmsis_gcc.h **** 
 518:Drivers/CMSIS/Include/cmsis_gcc.h **** 
 519:Drivers/CMSIS/Include/cmsis_gcc.h **** /**
 520:Drivers/CMSIS/Include/cmsis_gcc.h ****   \brief   STR Exclusive (32 bit)
ARM GAS  /tmp/ccaH4Grf.s 			page 24


 521:Drivers/CMSIS/Include/cmsis_gcc.h ****   \details Executes a exclusive STR instruction for 32 bit values.
 522:Drivers/CMSIS/Include/cmsis_gcc.h ****   \param [in]  value  Value to store
 523:Drivers/CMSIS/Include/cmsis_gcc.h ****   \param [in]    ptr  Pointer to location
 524:Drivers/CMSIS/Include/cmsis_gcc.h ****   \return          0  Function succeeded
 525:Drivers/CMSIS/Include/cmsis_gcc.h ****   \return          1  Function failed
 526:Drivers/CMSIS/Include/cmsis_gcc.h ****  */
 527:Drivers/CMSIS/Include/cmsis_gcc.h **** __STATIC_FORCEINLINE uint32_t __STREXW(uint32_t value, volatile uint32_t *addr)
 528:Drivers/CMSIS/Include/cmsis_gcc.h **** {
 529:Drivers/CMSIS/Include/cmsis_gcc.h ****    uint32_t result;
 530:Drivers/CMSIS/Include/cmsis_gcc.h **** 
 531:Drivers/CMSIS/Include/cmsis_gcc.h ****    __ASM volatile ("strex %0, %2, %1" : "=&r" (result), "=Q" (*addr) : "r" (value) );
 532:Drivers/CMSIS/Include/cmsis_gcc.h ****    return(result);
 533:Drivers/CMSIS/Include/cmsis_gcc.h **** }
 534:Drivers/CMSIS/Include/cmsis_gcc.h **** 
 535:Drivers/CMSIS/Include/cmsis_gcc.h **** 
 536:Drivers/CMSIS/Include/cmsis_gcc.h **** /**
 537:Drivers/CMSIS/Include/cmsis_gcc.h ****   \brief   Remove the exclusive lock
 538:Drivers/CMSIS/Include/cmsis_gcc.h ****   \details Removes the exclusive lock which is created by LDREX.
 539:Drivers/CMSIS/Include/cmsis_gcc.h ****  */
 540:Drivers/CMSIS/Include/cmsis_gcc.h **** __STATIC_FORCEINLINE void __CLREX(void)
 541:Drivers/CMSIS/Include/cmsis_gcc.h **** {
 542:Drivers/CMSIS/Include/cmsis_gcc.h ****   __ASM volatile ("clrex" ::: "memory");
 543:Drivers/CMSIS/Include/cmsis_gcc.h **** }
 544:Drivers/CMSIS/Include/cmsis_gcc.h **** 
 545:Drivers/CMSIS/Include/cmsis_gcc.h **** #endif /* ((defined (__ARM_ARCH_7M__      ) && (__ARM_ARCH_7M__      == 1)) || \
 546:Drivers/CMSIS/Include/cmsis_gcc.h ****            (defined (__ARM_ARCH_7EM__     ) && (__ARM_ARCH_7EM__     == 1)) || \
 547:Drivers/CMSIS/Include/cmsis_gcc.h ****            (defined (__ARM_ARCH_8M_MAIN__ ) && (__ARM_ARCH_8M_MAIN__ == 1)) || \
 548:Drivers/CMSIS/Include/cmsis_gcc.h ****            (defined (__ARM_ARCH_8M_BASE__ ) && (__ARM_ARCH_8M_BASE__ == 1))    ) */
 549:Drivers/CMSIS/Include/cmsis_gcc.h **** 
 550:Drivers/CMSIS/Include/cmsis_gcc.h **** 
 551:Drivers/CMSIS/Include/cmsis_gcc.h **** #if ((defined (__ARM_ARCH_7M__      ) && (__ARM_ARCH_7M__      == 1)) || \
 552:Drivers/CMSIS/Include/cmsis_gcc.h ****      (defined (__ARM_ARCH_7EM__     ) && (__ARM_ARCH_7EM__     == 1)) || \
 553:Drivers/CMSIS/Include/cmsis_gcc.h ****      (defined (__ARM_ARCH_8M_MAIN__ ) && (__ARM_ARCH_8M_MAIN__ == 1))    )
 554:Drivers/CMSIS/Include/cmsis_gcc.h **** /**
 555:Drivers/CMSIS/Include/cmsis_gcc.h ****   \brief   Signed Saturate
 556:Drivers/CMSIS/Include/cmsis_gcc.h ****   \details Saturates a signed value.
 557:Drivers/CMSIS/Include/cmsis_gcc.h ****   \param [in]  ARG1  Value to be saturated
 558:Drivers/CMSIS/Include/cmsis_gcc.h ****   \param [in]  ARG2  Bit position to saturate to (1..32)
 559:Drivers/CMSIS/Include/cmsis_gcc.h ****   \return             Saturated value
 560:Drivers/CMSIS/Include/cmsis_gcc.h ****  */
 561:Drivers/CMSIS/Include/cmsis_gcc.h **** #define __SSAT(ARG1, ARG2) \
 562:Drivers/CMSIS/Include/cmsis_gcc.h **** __extension__ \
 563:Drivers/CMSIS/Include/cmsis_gcc.h **** ({                          \
 564:Drivers/CMSIS/Include/cmsis_gcc.h ****   int32_t __RES, __ARG1 = (ARG1); \
 565:Drivers/CMSIS/Include/cmsis_gcc.h ****   __ASM volatile ("ssat %0, %1, %2" : "=r" (__RES) :  "I" (ARG2), "r" (__ARG1) : "cc" ); \
 566:Drivers/CMSIS/Include/cmsis_gcc.h ****   __RES; \
 567:Drivers/CMSIS/Include/cmsis_gcc.h ****  })
 568:Drivers/CMSIS/Include/cmsis_gcc.h **** 
 569:Drivers/CMSIS/Include/cmsis_gcc.h **** 
 570:Drivers/CMSIS/Include/cmsis_gcc.h **** /**
 571:Drivers/CMSIS/Include/cmsis_gcc.h ****   \brief   Unsigned Saturate
 572:Drivers/CMSIS/Include/cmsis_gcc.h ****   \details Saturates an unsigned value.
 573:Drivers/CMSIS/Include/cmsis_gcc.h ****   \param [in]  ARG1  Value to be saturated
 574:Drivers/CMSIS/Include/cmsis_gcc.h ****   \param [in]  ARG2  Bit position to saturate to (0..31)
 575:Drivers/CMSIS/Include/cmsis_gcc.h ****   \return             Saturated value
 576:Drivers/CMSIS/Include/cmsis_gcc.h ****  */
 577:Drivers/CMSIS/Include/cmsis_gcc.h **** #define __USAT(ARG1, ARG2) \
ARM GAS  /tmp/ccaH4Grf.s 			page 25


 578:Drivers/CMSIS/Include/cmsis_gcc.h **** __extension__ \
 579:Drivers/CMSIS/Include/cmsis_gcc.h **** ({                          \
 580:Drivers/CMSIS/Include/cmsis_gcc.h ****   uint32_t __RES, __ARG1 = (ARG1); \
 581:Drivers/CMSIS/Include/cmsis_gcc.h ****   __ASM volatile ("usat %0, %1, %2" : "=r" (__RES) :  "I" (ARG2), "r" (__ARG1) : "cc" ); \
 582:Drivers/CMSIS/Include/cmsis_gcc.h ****   __RES; \
 583:Drivers/CMSIS/Include/cmsis_gcc.h ****  })
 584:Drivers/CMSIS/Include/cmsis_gcc.h **** 
 585:Drivers/CMSIS/Include/cmsis_gcc.h **** 
 586:Drivers/CMSIS/Include/cmsis_gcc.h **** /**
 587:Drivers/CMSIS/Include/cmsis_gcc.h ****   \brief   Rotate Right with Extend (32 bit)
 588:Drivers/CMSIS/Include/cmsis_gcc.h ****   \details Moves each bit of a bitstring right by one bit.
 589:Drivers/CMSIS/Include/cmsis_gcc.h ****            The carry input is shifted in at the left end of the bitstring.
 590:Drivers/CMSIS/Include/cmsis_gcc.h ****   \param [in]    value  Value to rotate
 591:Drivers/CMSIS/Include/cmsis_gcc.h ****   \return               Rotated value
 592:Drivers/CMSIS/Include/cmsis_gcc.h ****  */
 593:Drivers/CMSIS/Include/cmsis_gcc.h **** __STATIC_FORCEINLINE uint32_t __RRX(uint32_t value)
 594:Drivers/CMSIS/Include/cmsis_gcc.h **** {
 595:Drivers/CMSIS/Include/cmsis_gcc.h ****   uint32_t result;
 596:Drivers/CMSIS/Include/cmsis_gcc.h **** 
 597:Drivers/CMSIS/Include/cmsis_gcc.h ****   __ASM volatile ("rrx %0, %1" : __CMSIS_GCC_OUT_REG (result) : __CMSIS_GCC_USE_REG (value) );
 598:Drivers/CMSIS/Include/cmsis_gcc.h ****   return(result);
 599:Drivers/CMSIS/Include/cmsis_gcc.h **** }
 600:Drivers/CMSIS/Include/cmsis_gcc.h **** 
 601:Drivers/CMSIS/Include/cmsis_gcc.h **** 
 602:Drivers/CMSIS/Include/cmsis_gcc.h **** /**
 603:Drivers/CMSIS/Include/cmsis_gcc.h ****   \brief   LDRT Unprivileged (8 bit)
 604:Drivers/CMSIS/Include/cmsis_gcc.h ****   \details Executes a Unprivileged LDRT instruction for 8 bit value.
 605:Drivers/CMSIS/Include/cmsis_gcc.h ****   \param [in]    ptr  Pointer to data
 606:Drivers/CMSIS/Include/cmsis_gcc.h ****   \return             value of type uint8_t at (*ptr)
 607:Drivers/CMSIS/Include/cmsis_gcc.h ****  */
 608:Drivers/CMSIS/Include/cmsis_gcc.h **** __STATIC_FORCEINLINE uint8_t __LDRBT(volatile uint8_t *ptr)
 609:Drivers/CMSIS/Include/cmsis_gcc.h **** {
 610:Drivers/CMSIS/Include/cmsis_gcc.h ****     uint32_t result;
 611:Drivers/CMSIS/Include/cmsis_gcc.h **** 
 612:Drivers/CMSIS/Include/cmsis_gcc.h **** #if (__GNUC__ > 4) || (__GNUC__ == 4 && __GNUC_MINOR__ >= 8)
 613:Drivers/CMSIS/Include/cmsis_gcc.h ****    __ASM volatile ("ldrbt %0, %1" : "=r" (result) : "Q" (*ptr) );
 614:Drivers/CMSIS/Include/cmsis_gcc.h **** #else
 615:Drivers/CMSIS/Include/cmsis_gcc.h ****     /* Prior to GCC 4.8, "Q" will be expanded to [rx, #0] which is not
 616:Drivers/CMSIS/Include/cmsis_gcc.h ****        accepted by assembler. So has to use following less efficient pattern.
 617:Drivers/CMSIS/Include/cmsis_gcc.h ****     */
 618:Drivers/CMSIS/Include/cmsis_gcc.h ****    __ASM volatile ("ldrbt %0, [%1]" : "=r" (result) : "r" (ptr) : "memory" );
 619:Drivers/CMSIS/Include/cmsis_gcc.h **** #endif
 620:Drivers/CMSIS/Include/cmsis_gcc.h ****    return ((uint8_t) result);    /* Add explicit type cast here */
 621:Drivers/CMSIS/Include/cmsis_gcc.h **** }
 622:Drivers/CMSIS/Include/cmsis_gcc.h **** 
 623:Drivers/CMSIS/Include/cmsis_gcc.h **** 
 624:Drivers/CMSIS/Include/cmsis_gcc.h **** /**
 625:Drivers/CMSIS/Include/cmsis_gcc.h ****   \brief   LDRT Unprivileged (16 bit)
 626:Drivers/CMSIS/Include/cmsis_gcc.h ****   \details Executes a Unprivileged LDRT instruction for 16 bit values.
 627:Drivers/CMSIS/Include/cmsis_gcc.h ****   \param [in]    ptr  Pointer to data
 628:Drivers/CMSIS/Include/cmsis_gcc.h ****   \return        value of type uint16_t at (*ptr)
 629:Drivers/CMSIS/Include/cmsis_gcc.h ****  */
 630:Drivers/CMSIS/Include/cmsis_gcc.h **** __STATIC_FORCEINLINE uint16_t __LDRHT(volatile uint16_t *ptr)
 631:Drivers/CMSIS/Include/cmsis_gcc.h **** {
 632:Drivers/CMSIS/Include/cmsis_gcc.h ****     uint32_t result;
 633:Drivers/CMSIS/Include/cmsis_gcc.h **** 
 634:Drivers/CMSIS/Include/cmsis_gcc.h **** #if (__GNUC__ > 4) || (__GNUC__ == 4 && __GNUC_MINOR__ >= 8)
ARM GAS  /tmp/ccaH4Grf.s 			page 26


 635:Drivers/CMSIS/Include/cmsis_gcc.h ****    __ASM volatile ("ldrht %0, %1" : "=r" (result) : "Q" (*ptr) );
 636:Drivers/CMSIS/Include/cmsis_gcc.h **** #else
 637:Drivers/CMSIS/Include/cmsis_gcc.h ****     /* Prior to GCC 4.8, "Q" will be expanded to [rx, #0] which is not
 638:Drivers/CMSIS/Include/cmsis_gcc.h ****        accepted by assembler. So has to use following less efficient pattern.
 639:Drivers/CMSIS/Include/cmsis_gcc.h ****     */
 640:Drivers/CMSIS/Include/cmsis_gcc.h ****    __ASM volatile ("ldrht %0, [%1]" : "=r" (result) : "r" (ptr) : "memory" );
 641:Drivers/CMSIS/Include/cmsis_gcc.h **** #endif
 642:Drivers/CMSIS/Include/cmsis_gcc.h ****    return ((uint16_t) result);    /* Add explicit type cast here */
 643:Drivers/CMSIS/Include/cmsis_gcc.h **** }
 644:Drivers/CMSIS/Include/cmsis_gcc.h **** 
 645:Drivers/CMSIS/Include/cmsis_gcc.h **** 
 646:Drivers/CMSIS/Include/cmsis_gcc.h **** /**
 647:Drivers/CMSIS/Include/cmsis_gcc.h ****   \brief   LDRT Unprivileged (32 bit)
 648:Drivers/CMSIS/Include/cmsis_gcc.h ****   \details Executes a Unprivileged LDRT instruction for 32 bit values.
 649:Drivers/CMSIS/Include/cmsis_gcc.h ****   \param [in]    ptr  Pointer to data
 650:Drivers/CMSIS/Include/cmsis_gcc.h ****   \return        value of type uint32_t at (*ptr)
 651:Drivers/CMSIS/Include/cmsis_gcc.h ****  */
 652:Drivers/CMSIS/Include/cmsis_gcc.h **** __STATIC_FORCEINLINE uint32_t __LDRT(volatile uint32_t *ptr)
 653:Drivers/CMSIS/Include/cmsis_gcc.h **** {
 654:Drivers/CMSIS/Include/cmsis_gcc.h ****     uint32_t result;
 655:Drivers/CMSIS/Include/cmsis_gcc.h **** 
 656:Drivers/CMSIS/Include/cmsis_gcc.h ****    __ASM volatile ("ldrt %0, %1" : "=r" (result) : "Q" (*ptr) );
 657:Drivers/CMSIS/Include/cmsis_gcc.h ****    return(result);
 658:Drivers/CMSIS/Include/cmsis_gcc.h **** }
 659:Drivers/CMSIS/Include/cmsis_gcc.h **** 
 660:Drivers/CMSIS/Include/cmsis_gcc.h **** 
 661:Drivers/CMSIS/Include/cmsis_gcc.h **** /**
 662:Drivers/CMSIS/Include/cmsis_gcc.h ****   \brief   STRT Unprivileged (8 bit)
 663:Drivers/CMSIS/Include/cmsis_gcc.h ****   \details Executes a Unprivileged STRT instruction for 8 bit values.
 664:Drivers/CMSIS/Include/cmsis_gcc.h ****   \param [in]  value  Value to store
 665:Drivers/CMSIS/Include/cmsis_gcc.h ****   \param [in]    ptr  Pointer to location
 666:Drivers/CMSIS/Include/cmsis_gcc.h ****  */
 667:Drivers/CMSIS/Include/cmsis_gcc.h **** __STATIC_FORCEINLINE void __STRBT(uint8_t value, volatile uint8_t *ptr)
 668:Drivers/CMSIS/Include/cmsis_gcc.h **** {
 669:Drivers/CMSIS/Include/cmsis_gcc.h ****    __ASM volatile ("strbt %1, %0" : "=Q" (*ptr) : "r" ((uint32_t)value) );
 670:Drivers/CMSIS/Include/cmsis_gcc.h **** }
 671:Drivers/CMSIS/Include/cmsis_gcc.h **** 
 672:Drivers/CMSIS/Include/cmsis_gcc.h **** 
 673:Drivers/CMSIS/Include/cmsis_gcc.h **** /**
 674:Drivers/CMSIS/Include/cmsis_gcc.h ****   \brief   STRT Unprivileged (16 bit)
 675:Drivers/CMSIS/Include/cmsis_gcc.h ****   \details Executes a Unprivileged STRT instruction for 16 bit values.
 676:Drivers/CMSIS/Include/cmsis_gcc.h ****   \param [in]  value  Value to store
 677:Drivers/CMSIS/Include/cmsis_gcc.h ****   \param [in]    ptr  Pointer to location
 678:Drivers/CMSIS/Include/cmsis_gcc.h ****  */
 679:Drivers/CMSIS/Include/cmsis_gcc.h **** __STATIC_FORCEINLINE void __STRHT(uint16_t value, volatile uint16_t *ptr)
 680:Drivers/CMSIS/Include/cmsis_gcc.h **** {
 681:Drivers/CMSIS/Include/cmsis_gcc.h ****    __ASM volatile ("strht %1, %0" : "=Q" (*ptr) : "r" ((uint32_t)value) );
 682:Drivers/CMSIS/Include/cmsis_gcc.h **** }
 683:Drivers/CMSIS/Include/cmsis_gcc.h **** 
 684:Drivers/CMSIS/Include/cmsis_gcc.h **** 
 685:Drivers/CMSIS/Include/cmsis_gcc.h **** /**
 686:Drivers/CMSIS/Include/cmsis_gcc.h ****   \brief   STRT Unprivileged (32 bit)
 687:Drivers/CMSIS/Include/cmsis_gcc.h ****   \details Executes a Unprivileged STRT instruction for 32 bit values.
 688:Drivers/CMSIS/Include/cmsis_gcc.h ****   \param [in]  value  Value to store
 689:Drivers/CMSIS/Include/cmsis_gcc.h ****   \param [in]    ptr  Pointer to location
 690:Drivers/CMSIS/Include/cmsis_gcc.h ****  */
 691:Drivers/CMSIS/Include/cmsis_gcc.h **** __STATIC_FORCEINLINE void __STRT(uint32_t value, volatile uint32_t *ptr)
ARM GAS  /tmp/ccaH4Grf.s 			page 27


 692:Drivers/CMSIS/Include/cmsis_gcc.h **** {
 693:Drivers/CMSIS/Include/cmsis_gcc.h ****    __ASM volatile ("strt %1, %0" : "=Q" (*ptr) : "r" (value) );
 694:Drivers/CMSIS/Include/cmsis_gcc.h **** }
 695:Drivers/CMSIS/Include/cmsis_gcc.h **** 
 696:Drivers/CMSIS/Include/cmsis_gcc.h **** #else  /* ((defined (__ARM_ARCH_7M__      ) && (__ARM_ARCH_7M__      == 1)) || \
 697:Drivers/CMSIS/Include/cmsis_gcc.h ****            (defined (__ARM_ARCH_7EM__     ) && (__ARM_ARCH_7EM__     == 1)) || \
 698:Drivers/CMSIS/Include/cmsis_gcc.h ****            (defined (__ARM_ARCH_8M_MAIN__ ) && (__ARM_ARCH_8M_MAIN__ == 1))    ) */
 699:Drivers/CMSIS/Include/cmsis_gcc.h **** 
 700:Drivers/CMSIS/Include/cmsis_gcc.h **** /**
 701:Drivers/CMSIS/Include/cmsis_gcc.h ****   \brief   Signed Saturate
 702:Drivers/CMSIS/Include/cmsis_gcc.h ****   \details Saturates a signed value.
 703:Drivers/CMSIS/Include/cmsis_gcc.h ****   \param [in]  value  Value to be saturated
 704:Drivers/CMSIS/Include/cmsis_gcc.h ****   \param [in]    sat  Bit position to saturate to (1..32)
 705:Drivers/CMSIS/Include/cmsis_gcc.h ****   \return             Saturated value
 706:Drivers/CMSIS/Include/cmsis_gcc.h ****  */
 707:Drivers/CMSIS/Include/cmsis_gcc.h **** __STATIC_FORCEINLINE int32_t __SSAT(int32_t val, uint32_t sat)
 708:Drivers/CMSIS/Include/cmsis_gcc.h **** {
 709:Drivers/CMSIS/Include/cmsis_gcc.h ****   if ((sat >= 1U) && (sat <= 32U))
 710:Drivers/CMSIS/Include/cmsis_gcc.h ****   {
 711:Drivers/CMSIS/Include/cmsis_gcc.h ****     const int32_t max = (int32_t)((1U << (sat - 1U)) - 1U);
 712:Drivers/CMSIS/Include/cmsis_gcc.h ****     const int32_t min = -1 - max ;
 713:Drivers/CMSIS/Include/cmsis_gcc.h ****     if (val > max)
 714:Drivers/CMSIS/Include/cmsis_gcc.h ****     {
 715:Drivers/CMSIS/Include/cmsis_gcc.h ****       return max;
 716:Drivers/CMSIS/Include/cmsis_gcc.h ****     }
 717:Drivers/CMSIS/Include/cmsis_gcc.h ****     else if (val < min)
 718:Drivers/CMSIS/Include/cmsis_gcc.h ****     {
 719:Drivers/CMSIS/Include/cmsis_gcc.h ****       return min;
 720:Drivers/CMSIS/Include/cmsis_gcc.h ****     }
 721:Drivers/CMSIS/Include/cmsis_gcc.h ****   }
 722:Drivers/CMSIS/Include/cmsis_gcc.h ****   return val;
 723:Drivers/CMSIS/Include/cmsis_gcc.h **** }
 724:Drivers/CMSIS/Include/cmsis_gcc.h **** 
 725:Drivers/CMSIS/Include/cmsis_gcc.h **** /**
 726:Drivers/CMSIS/Include/cmsis_gcc.h ****   \brief   Unsigned Saturate
 727:Drivers/CMSIS/Include/cmsis_gcc.h ****   \details Saturates an unsigned value.
 728:Drivers/CMSIS/Include/cmsis_gcc.h ****   \param [in]  value  Value to be saturated
 729:Drivers/CMSIS/Include/cmsis_gcc.h ****   \param [in]    sat  Bit position to saturate to (0..31)
 730:Drivers/CMSIS/Include/cmsis_gcc.h ****   \return             Saturated value
 731:Drivers/CMSIS/Include/cmsis_gcc.h ****  */
 732:Drivers/CMSIS/Include/cmsis_gcc.h **** __STATIC_FORCEINLINE uint32_t __USAT(int32_t val, uint32_t sat)
 733:Drivers/CMSIS/Include/cmsis_gcc.h **** {
 734:Drivers/CMSIS/Include/cmsis_gcc.h ****   if (sat <= 31U)
 735:Drivers/CMSIS/Include/cmsis_gcc.h ****   {
 736:Drivers/CMSIS/Include/cmsis_gcc.h ****     const uint32_t max = ((1U << sat) - 1U);
 737:Drivers/CMSIS/Include/cmsis_gcc.h ****     if (val > (int32_t)max)
 738:Drivers/CMSIS/Include/cmsis_gcc.h ****     {
 739:Drivers/CMSIS/Include/cmsis_gcc.h ****       return max;
 740:Drivers/CMSIS/Include/cmsis_gcc.h ****     }
 741:Drivers/CMSIS/Include/cmsis_gcc.h ****     else if (val < 0)
 742:Drivers/CMSIS/Include/cmsis_gcc.h ****     {
 743:Drivers/CMSIS/Include/cmsis_gcc.h ****       return 0U;
 744:Drivers/CMSIS/Include/cmsis_gcc.h ****     }
 745:Drivers/CMSIS/Include/cmsis_gcc.h ****   }
 746:Drivers/CMSIS/Include/cmsis_gcc.h ****   return (uint32_t)val;
 747:Drivers/CMSIS/Include/cmsis_gcc.h **** }
 748:Drivers/CMSIS/Include/cmsis_gcc.h **** 
ARM GAS  /tmp/ccaH4Grf.s 			page 28


 749:Drivers/CMSIS/Include/cmsis_gcc.h **** #endif /* ((defined (__ARM_ARCH_7M__      ) && (__ARM_ARCH_7M__      == 1)) || \
 750:Drivers/CMSIS/Include/cmsis_gcc.h ****            (defined (__ARM_ARCH_7EM__     ) && (__ARM_ARCH_7EM__     == 1)) || \
 751:Drivers/CMSIS/Include/cmsis_gcc.h ****            (defined (__ARM_ARCH_8M_MAIN__ ) && (__ARM_ARCH_8M_MAIN__ == 1))    ) */
 752:Drivers/CMSIS/Include/cmsis_gcc.h **** 
 753:Drivers/CMSIS/Include/cmsis_gcc.h **** 
 754:Drivers/CMSIS/Include/cmsis_gcc.h **** #if ((defined (__ARM_ARCH_8M_MAIN__ ) && (__ARM_ARCH_8M_MAIN__ == 1)) || \
 755:Drivers/CMSIS/Include/cmsis_gcc.h ****      (defined (__ARM_ARCH_8M_BASE__ ) && (__ARM_ARCH_8M_BASE__ == 1))    )
 756:Drivers/CMSIS/Include/cmsis_gcc.h **** /**
 757:Drivers/CMSIS/Include/cmsis_gcc.h ****   \brief   Load-Acquire (8 bit)
 758:Drivers/CMSIS/Include/cmsis_gcc.h ****   \details Executes a LDAB instruction for 8 bit value.
 759:Drivers/CMSIS/Include/cmsis_gcc.h ****   \param [in]    ptr  Pointer to data
 760:Drivers/CMSIS/Include/cmsis_gcc.h ****   \return             value of type uint8_t at (*ptr)
 761:Drivers/CMSIS/Include/cmsis_gcc.h ****  */
 762:Drivers/CMSIS/Include/cmsis_gcc.h **** __STATIC_FORCEINLINE uint8_t __LDAB(volatile uint8_t *ptr)
 763:Drivers/CMSIS/Include/cmsis_gcc.h **** {
 764:Drivers/CMSIS/Include/cmsis_gcc.h ****     uint32_t result;
 765:Drivers/CMSIS/Include/cmsis_gcc.h **** 
 766:Drivers/CMSIS/Include/cmsis_gcc.h ****    __ASM volatile ("ldab %0, %1" : "=r" (result) : "Q" (*ptr) : "memory" );
 767:Drivers/CMSIS/Include/cmsis_gcc.h ****    return ((uint8_t) result);
 768:Drivers/CMSIS/Include/cmsis_gcc.h **** }
 769:Drivers/CMSIS/Include/cmsis_gcc.h **** 
 770:Drivers/CMSIS/Include/cmsis_gcc.h **** 
 771:Drivers/CMSIS/Include/cmsis_gcc.h **** /**
 772:Drivers/CMSIS/Include/cmsis_gcc.h ****   \brief   Load-Acquire (16 bit)
 773:Drivers/CMSIS/Include/cmsis_gcc.h ****   \details Executes a LDAH instruction for 16 bit values.
 774:Drivers/CMSIS/Include/cmsis_gcc.h ****   \param [in]    ptr  Pointer to data
 775:Drivers/CMSIS/Include/cmsis_gcc.h ****   \return        value of type uint16_t at (*ptr)
 776:Drivers/CMSIS/Include/cmsis_gcc.h ****  */
 777:Drivers/CMSIS/Include/cmsis_gcc.h **** __STATIC_FORCEINLINE uint16_t __LDAH(volatile uint16_t *ptr)
 778:Drivers/CMSIS/Include/cmsis_gcc.h **** {
 779:Drivers/CMSIS/Include/cmsis_gcc.h ****     uint32_t result;
 780:Drivers/CMSIS/Include/cmsis_gcc.h **** 
 781:Drivers/CMSIS/Include/cmsis_gcc.h ****    __ASM volatile ("ldah %0, %1" : "=r" (result) : "Q" (*ptr) : "memory" );
 782:Drivers/CMSIS/Include/cmsis_gcc.h ****    return ((uint16_t) result);
 783:Drivers/CMSIS/Include/cmsis_gcc.h **** }
 784:Drivers/CMSIS/Include/cmsis_gcc.h **** 
 785:Drivers/CMSIS/Include/cmsis_gcc.h **** 
 786:Drivers/CMSIS/Include/cmsis_gcc.h **** /**
 787:Drivers/CMSIS/Include/cmsis_gcc.h ****   \brief   Load-Acquire (32 bit)
 788:Drivers/CMSIS/Include/cmsis_gcc.h ****   \details Executes a LDA instruction for 32 bit values.
 789:Drivers/CMSIS/Include/cmsis_gcc.h ****   \param [in]    ptr  Pointer to data
 790:Drivers/CMSIS/Include/cmsis_gcc.h ****   \return        value of type uint32_t at (*ptr)
 791:Drivers/CMSIS/Include/cmsis_gcc.h ****  */
 792:Drivers/CMSIS/Include/cmsis_gcc.h **** __STATIC_FORCEINLINE uint32_t __LDA(volatile uint32_t *ptr)
 793:Drivers/CMSIS/Include/cmsis_gcc.h **** {
 794:Drivers/CMSIS/Include/cmsis_gcc.h ****     uint32_t result;
 795:Drivers/CMSIS/Include/cmsis_gcc.h **** 
 796:Drivers/CMSIS/Include/cmsis_gcc.h ****    __ASM volatile ("lda %0, %1" : "=r" (result) : "Q" (*ptr) : "memory" );
 797:Drivers/CMSIS/Include/cmsis_gcc.h ****    return(result);
 798:Drivers/CMSIS/Include/cmsis_gcc.h **** }
 799:Drivers/CMSIS/Include/cmsis_gcc.h **** 
 800:Drivers/CMSIS/Include/cmsis_gcc.h **** 
 801:Drivers/CMSIS/Include/cmsis_gcc.h **** /**
 802:Drivers/CMSIS/Include/cmsis_gcc.h ****   \brief   Store-Release (8 bit)
 803:Drivers/CMSIS/Include/cmsis_gcc.h ****   \details Executes a STLB instruction for 8 bit values.
 804:Drivers/CMSIS/Include/cmsis_gcc.h ****   \param [in]  value  Value to store
 805:Drivers/CMSIS/Include/cmsis_gcc.h ****   \param [in]    ptr  Pointer to location
ARM GAS  /tmp/ccaH4Grf.s 			page 29


 806:Drivers/CMSIS/Include/cmsis_gcc.h ****  */
 807:Drivers/CMSIS/Include/cmsis_gcc.h **** __STATIC_FORCEINLINE void __STLB(uint8_t value, volatile uint8_t *ptr)
 808:Drivers/CMSIS/Include/cmsis_gcc.h **** {
 809:Drivers/CMSIS/Include/cmsis_gcc.h ****    __ASM volatile ("stlb %1, %0" : "=Q" (*ptr) : "r" ((uint32_t)value) : "memory" );
 810:Drivers/CMSIS/Include/cmsis_gcc.h **** }
 811:Drivers/CMSIS/Include/cmsis_gcc.h **** 
 812:Drivers/CMSIS/Include/cmsis_gcc.h **** 
 813:Drivers/CMSIS/Include/cmsis_gcc.h **** /**
 814:Drivers/CMSIS/Include/cmsis_gcc.h ****   \brief   Store-Release (16 bit)
 815:Drivers/CMSIS/Include/cmsis_gcc.h ****   \details Executes a STLH instruction for 16 bit values.
 816:Drivers/CMSIS/Include/cmsis_gcc.h ****   \param [in]  value  Value to store
 817:Drivers/CMSIS/Include/cmsis_gcc.h ****   \param [in]    ptr  Pointer to location
 818:Drivers/CMSIS/Include/cmsis_gcc.h ****  */
 819:Drivers/CMSIS/Include/cmsis_gcc.h **** __STATIC_FORCEINLINE void __STLH(uint16_t value, volatile uint16_t *ptr)
 820:Drivers/CMSIS/Include/cmsis_gcc.h **** {
 821:Drivers/CMSIS/Include/cmsis_gcc.h ****    __ASM volatile ("stlh %1, %0" : "=Q" (*ptr) : "r" ((uint32_t)value) : "memory" );
 822:Drivers/CMSIS/Include/cmsis_gcc.h **** }
 823:Drivers/CMSIS/Include/cmsis_gcc.h **** 
 824:Drivers/CMSIS/Include/cmsis_gcc.h **** 
 825:Drivers/CMSIS/Include/cmsis_gcc.h **** /**
 826:Drivers/CMSIS/Include/cmsis_gcc.h ****   \brief   Store-Release (32 bit)
 827:Drivers/CMSIS/Include/cmsis_gcc.h ****   \details Executes a STL instruction for 32 bit values.
 828:Drivers/CMSIS/Include/cmsis_gcc.h ****   \param [in]  value  Value to store
 829:Drivers/CMSIS/Include/cmsis_gcc.h ****   \param [in]    ptr  Pointer to location
 830:Drivers/CMSIS/Include/cmsis_gcc.h ****  */
 831:Drivers/CMSIS/Include/cmsis_gcc.h **** __STATIC_FORCEINLINE void __STL(uint32_t value, volatile uint32_t *ptr)
 832:Drivers/CMSIS/Include/cmsis_gcc.h **** {
 833:Drivers/CMSIS/Include/cmsis_gcc.h ****    __ASM volatile ("stl %1, %0" : "=Q" (*ptr) : "r" ((uint32_t)value) : "memory" );
 834:Drivers/CMSIS/Include/cmsis_gcc.h **** }
 835:Drivers/CMSIS/Include/cmsis_gcc.h **** 
 836:Drivers/CMSIS/Include/cmsis_gcc.h **** 
 837:Drivers/CMSIS/Include/cmsis_gcc.h **** /**
 838:Drivers/CMSIS/Include/cmsis_gcc.h ****   \brief   Load-Acquire Exclusive (8 bit)
 839:Drivers/CMSIS/Include/cmsis_gcc.h ****   \details Executes a LDAB exclusive instruction for 8 bit value.
 840:Drivers/CMSIS/Include/cmsis_gcc.h ****   \param [in]    ptr  Pointer to data
 841:Drivers/CMSIS/Include/cmsis_gcc.h ****   \return             value of type uint8_t at (*ptr)
 842:Drivers/CMSIS/Include/cmsis_gcc.h ****  */
 843:Drivers/CMSIS/Include/cmsis_gcc.h **** __STATIC_FORCEINLINE uint8_t __LDAEXB(volatile uint8_t *ptr)
 844:Drivers/CMSIS/Include/cmsis_gcc.h **** {
 845:Drivers/CMSIS/Include/cmsis_gcc.h ****     uint32_t result;
 846:Drivers/CMSIS/Include/cmsis_gcc.h **** 
 847:Drivers/CMSIS/Include/cmsis_gcc.h ****    __ASM volatile ("ldaexb %0, %1" : "=r" (result) : "Q" (*ptr) : "memory" );
 848:Drivers/CMSIS/Include/cmsis_gcc.h ****    return ((uint8_t) result);
 849:Drivers/CMSIS/Include/cmsis_gcc.h **** }
 850:Drivers/CMSIS/Include/cmsis_gcc.h **** 
 851:Drivers/CMSIS/Include/cmsis_gcc.h **** 
 852:Drivers/CMSIS/Include/cmsis_gcc.h **** /**
 853:Drivers/CMSIS/Include/cmsis_gcc.h ****   \brief   Load-Acquire Exclusive (16 bit)
 854:Drivers/CMSIS/Include/cmsis_gcc.h ****   \details Executes a LDAH exclusive instruction for 16 bit values.
 855:Drivers/CMSIS/Include/cmsis_gcc.h ****   \param [in]    ptr  Pointer to data
 856:Drivers/CMSIS/Include/cmsis_gcc.h ****   \return        value of type uint16_t at (*ptr)
 857:Drivers/CMSIS/Include/cmsis_gcc.h ****  */
 858:Drivers/CMSIS/Include/cmsis_gcc.h **** __STATIC_FORCEINLINE uint16_t __LDAEXH(volatile uint16_t *ptr)
 859:Drivers/CMSIS/Include/cmsis_gcc.h **** {
 860:Drivers/CMSIS/Include/cmsis_gcc.h ****     uint32_t result;
 861:Drivers/CMSIS/Include/cmsis_gcc.h **** 
 862:Drivers/CMSIS/Include/cmsis_gcc.h ****    __ASM volatile ("ldaexh %0, %1" : "=r" (result) : "Q" (*ptr) : "memory" );
ARM GAS  /tmp/ccaH4Grf.s 			page 30


 863:Drivers/CMSIS/Include/cmsis_gcc.h ****    return ((uint16_t) result);
 864:Drivers/CMSIS/Include/cmsis_gcc.h **** }
 865:Drivers/CMSIS/Include/cmsis_gcc.h **** 
 866:Drivers/CMSIS/Include/cmsis_gcc.h **** 
 867:Drivers/CMSIS/Include/cmsis_gcc.h **** /**
 868:Drivers/CMSIS/Include/cmsis_gcc.h ****   \brief   Load-Acquire Exclusive (32 bit)
 869:Drivers/CMSIS/Include/cmsis_gcc.h ****   \details Executes a LDA exclusive instruction for 32 bit values.
 870:Drivers/CMSIS/Include/cmsis_gcc.h ****   \param [in]    ptr  Pointer to data
 871:Drivers/CMSIS/Include/cmsis_gcc.h ****   \return        value of type uint32_t at (*ptr)
 872:Drivers/CMSIS/Include/cmsis_gcc.h ****  */
 873:Drivers/CMSIS/Include/cmsis_gcc.h **** __STATIC_FORCEINLINE uint32_t __LDAEX(volatile uint32_t *ptr)
 874:Drivers/CMSIS/Include/cmsis_gcc.h **** {
 875:Drivers/CMSIS/Include/cmsis_gcc.h ****     uint32_t result;
 876:Drivers/CMSIS/Include/cmsis_gcc.h **** 
 877:Drivers/CMSIS/Include/cmsis_gcc.h ****    __ASM volatile ("ldaex %0, %1" : "=r" (result) : "Q" (*ptr) : "memory" );
 878:Drivers/CMSIS/Include/cmsis_gcc.h ****    return(result);
 879:Drivers/CMSIS/Include/cmsis_gcc.h **** }
 880:Drivers/CMSIS/Include/cmsis_gcc.h **** 
 881:Drivers/CMSIS/Include/cmsis_gcc.h **** 
 882:Drivers/CMSIS/Include/cmsis_gcc.h **** /**
 883:Drivers/CMSIS/Include/cmsis_gcc.h ****   \brief   Store-Release Exclusive (8 bit)
 884:Drivers/CMSIS/Include/cmsis_gcc.h ****   \details Executes a STLB exclusive instruction for 8 bit values.
 885:Drivers/CMSIS/Include/cmsis_gcc.h ****   \param [in]  value  Value to store
 886:Drivers/CMSIS/Include/cmsis_gcc.h ****   \param [in]    ptr  Pointer to location
 887:Drivers/CMSIS/Include/cmsis_gcc.h ****   \return          0  Function succeeded
 888:Drivers/CMSIS/Include/cmsis_gcc.h ****   \return          1  Function failed
 889:Drivers/CMSIS/Include/cmsis_gcc.h ****  */
 890:Drivers/CMSIS/Include/cmsis_gcc.h **** __STATIC_FORCEINLINE uint32_t __STLEXB(uint8_t value, volatile uint8_t *ptr)
 891:Drivers/CMSIS/Include/cmsis_gcc.h **** {
 892:Drivers/CMSIS/Include/cmsis_gcc.h ****    uint32_t result;
 893:Drivers/CMSIS/Include/cmsis_gcc.h **** 
 894:Drivers/CMSIS/Include/cmsis_gcc.h ****    __ASM volatile ("stlexb %0, %2, %1" : "=&r" (result), "=Q" (*ptr) : "r" ((uint32_t)value) : "mem
 895:Drivers/CMSIS/Include/cmsis_gcc.h ****    return(result);
 896:Drivers/CMSIS/Include/cmsis_gcc.h **** }
 897:Drivers/CMSIS/Include/cmsis_gcc.h **** 
 898:Drivers/CMSIS/Include/cmsis_gcc.h **** 
 899:Drivers/CMSIS/Include/cmsis_gcc.h **** /**
 900:Drivers/CMSIS/Include/cmsis_gcc.h ****   \brief   Store-Release Exclusive (16 bit)
 901:Drivers/CMSIS/Include/cmsis_gcc.h ****   \details Executes a STLH exclusive instruction for 16 bit values.
 902:Drivers/CMSIS/Include/cmsis_gcc.h ****   \param [in]  value  Value to store
 903:Drivers/CMSIS/Include/cmsis_gcc.h ****   \param [in]    ptr  Pointer to location
 904:Drivers/CMSIS/Include/cmsis_gcc.h ****   \return          0  Function succeeded
 905:Drivers/CMSIS/Include/cmsis_gcc.h ****   \return          1  Function failed
 906:Drivers/CMSIS/Include/cmsis_gcc.h ****  */
 907:Drivers/CMSIS/Include/cmsis_gcc.h **** __STATIC_FORCEINLINE uint32_t __STLEXH(uint16_t value, volatile uint16_t *ptr)
 908:Drivers/CMSIS/Include/cmsis_gcc.h **** {
 909:Drivers/CMSIS/Include/cmsis_gcc.h ****    uint32_t result;
 910:Drivers/CMSIS/Include/cmsis_gcc.h **** 
 911:Drivers/CMSIS/Include/cmsis_gcc.h ****    __ASM volatile ("stlexh %0, %2, %1" : "=&r" (result), "=Q" (*ptr) : "r" ((uint32_t)value) : "mem
 912:Drivers/CMSIS/Include/cmsis_gcc.h ****    return(result);
 913:Drivers/CMSIS/Include/cmsis_gcc.h **** }
 914:Drivers/CMSIS/Include/cmsis_gcc.h **** 
 915:Drivers/CMSIS/Include/cmsis_gcc.h **** 
 916:Drivers/CMSIS/Include/cmsis_gcc.h **** /**
 917:Drivers/CMSIS/Include/cmsis_gcc.h ****   \brief   Store-Release Exclusive (32 bit)
 918:Drivers/CMSIS/Include/cmsis_gcc.h ****   \details Executes a STL exclusive instruction for 32 bit values.
 919:Drivers/CMSIS/Include/cmsis_gcc.h ****   \param [in]  value  Value to store
ARM GAS  /tmp/ccaH4Grf.s 			page 31


 920:Drivers/CMSIS/Include/cmsis_gcc.h ****   \param [in]    ptr  Pointer to location
 921:Drivers/CMSIS/Include/cmsis_gcc.h ****   \return          0  Function succeeded
 922:Drivers/CMSIS/Include/cmsis_gcc.h ****   \return          1  Function failed
 923:Drivers/CMSIS/Include/cmsis_gcc.h ****  */
 924:Drivers/CMSIS/Include/cmsis_gcc.h **** __STATIC_FORCEINLINE uint32_t __STLEX(uint32_t value, volatile uint32_t *ptr)
 925:Drivers/CMSIS/Include/cmsis_gcc.h **** {
 926:Drivers/CMSIS/Include/cmsis_gcc.h ****    uint32_t result;
 927:Drivers/CMSIS/Include/cmsis_gcc.h **** 
 928:Drivers/CMSIS/Include/cmsis_gcc.h ****    __ASM volatile ("stlex %0, %2, %1" : "=&r" (result), "=Q" (*ptr) : "r" ((uint32_t)value) : "memo
 929:Drivers/CMSIS/Include/cmsis_gcc.h ****    return(result);
 930:Drivers/CMSIS/Include/cmsis_gcc.h **** }
 931:Drivers/CMSIS/Include/cmsis_gcc.h **** 
 932:Drivers/CMSIS/Include/cmsis_gcc.h **** #endif /* ((defined (__ARM_ARCH_8M_MAIN__ ) && (__ARM_ARCH_8M_MAIN__ == 1)) || \
 933:Drivers/CMSIS/Include/cmsis_gcc.h ****            (defined (__ARM_ARCH_8M_BASE__ ) && (__ARM_ARCH_8M_BASE__ == 1))    ) */
 934:Drivers/CMSIS/Include/cmsis_gcc.h **** 
 935:Drivers/CMSIS/Include/cmsis_gcc.h **** /*@}*/ /* end of group CMSIS_Core_InstructionInterface */
 936:Drivers/CMSIS/Include/cmsis_gcc.h **** 
 937:Drivers/CMSIS/Include/cmsis_gcc.h **** 
 938:Drivers/CMSIS/Include/cmsis_gcc.h **** /* ###########################  Core Function Access  ########################### */
 939:Drivers/CMSIS/Include/cmsis_gcc.h **** /** \ingroup  CMSIS_Core_FunctionInterface
 940:Drivers/CMSIS/Include/cmsis_gcc.h ****     \defgroup CMSIS_Core_RegAccFunctions CMSIS Core Register Access Functions
 941:Drivers/CMSIS/Include/cmsis_gcc.h ****   @{
 942:Drivers/CMSIS/Include/cmsis_gcc.h ****  */
 943:Drivers/CMSIS/Include/cmsis_gcc.h **** 
 944:Drivers/CMSIS/Include/cmsis_gcc.h **** /**
 945:Drivers/CMSIS/Include/cmsis_gcc.h ****   \brief   Enable IRQ Interrupts
 946:Drivers/CMSIS/Include/cmsis_gcc.h ****   \details Enables IRQ interrupts by clearing special-purpose register PRIMASK.
 947:Drivers/CMSIS/Include/cmsis_gcc.h ****            Can only be executed in Privileged modes.
 948:Drivers/CMSIS/Include/cmsis_gcc.h ****  */
 949:Drivers/CMSIS/Include/cmsis_gcc.h **** __STATIC_FORCEINLINE void __enable_irq(void)
 950:Drivers/CMSIS/Include/cmsis_gcc.h **** {
 951:Drivers/CMSIS/Include/cmsis_gcc.h ****   __ASM volatile ("cpsie i" : : : "memory");
 952:Drivers/CMSIS/Include/cmsis_gcc.h **** }
 953:Drivers/CMSIS/Include/cmsis_gcc.h **** 
 954:Drivers/CMSIS/Include/cmsis_gcc.h **** 
 955:Drivers/CMSIS/Include/cmsis_gcc.h **** /**
 956:Drivers/CMSIS/Include/cmsis_gcc.h ****   \brief   Disable IRQ Interrupts
 957:Drivers/CMSIS/Include/cmsis_gcc.h ****   \details Disables IRQ interrupts by setting special-purpose register PRIMASK.
 958:Drivers/CMSIS/Include/cmsis_gcc.h ****            Can only be executed in Privileged modes.
 959:Drivers/CMSIS/Include/cmsis_gcc.h ****  */
 960:Drivers/CMSIS/Include/cmsis_gcc.h **** __STATIC_FORCEINLINE void __disable_irq(void)
 415              		.loc 2 960 27 view .LVU81
 416              	.LBB7:
 961:Drivers/CMSIS/Include/cmsis_gcc.h **** {
 962:Drivers/CMSIS/Include/cmsis_gcc.h ****   __ASM volatile ("cpsid i" : : : "memory");
 417              		.loc 2 962 3 view .LVU82
 418              		.syntax unified
 419              	@ 962 "Drivers/CMSIS/Include/cmsis_gcc.h" 1
 420 0000 72B6     		cpsid i
 421              	@ 0 "" 2
 422              		.thumb
 423              		.syntax unified
 424              	.L35:
 425              	.LBE7:
 426              	.LBE6:
 361:Core/Src/main.c ****   while (1)
 427              		.loc 1 361 3 view .LVU83
ARM GAS  /tmp/ccaH4Grf.s 			page 32


 362:Core/Src/main.c ****   {
 363:Core/Src/main.c ****   }
 428              		.loc 1 363 3 view .LVU84
 361:Core/Src/main.c ****   while (1)
 429              		.loc 1 361 9 view .LVU85
 430 0002 FEE7     		b	.L35
 431              		.cfi_endproc
 432              	.LFE146:
 434              		.section	.text.SystemClock_Config,"ax",%progbits
 435              		.align	1
 436              		.global	SystemClock_Config
 437              		.syntax unified
 438              		.thumb
 439              		.thumb_func
 441              	SystemClock_Config:
 442              	.LFB140:
 165:Core/Src/main.c ****   RCC_OscInitTypeDef RCC_OscInitStruct = {0};
 443              		.loc 1 165 1 view -0
 444              		.cfi_startproc
 445              		@ args = 0, pretend = 0, frame = 80
 446              		@ frame_needed = 0, uses_anonymous_args = 0
 447 0000 00B5     		push	{lr}
 448              	.LCFI7:
 449              		.cfi_def_cfa_offset 4
 450              		.cfi_offset 14, -4
 451 0002 95B0     		sub	sp, sp, #84
 452              	.LCFI8:
 453              		.cfi_def_cfa_offset 88
 166:Core/Src/main.c ****   RCC_ClkInitTypeDef RCC_ClkInitStruct = {0};
 454              		.loc 1 166 3 view .LVU87
 166:Core/Src/main.c ****   RCC_ClkInitTypeDef RCC_ClkInitStruct = {0};
 455              		.loc 1 166 22 is_stmt 0 view .LVU88
 456 0004 3022     		movs	r2, #48
 457 0006 0021     		movs	r1, #0
 458 0008 08A8     		add	r0, sp, #32
 459 000a FFF7FEFF 		bl	memset
 460              	.LVL27:
 167:Core/Src/main.c **** 
 461              		.loc 1 167 3 is_stmt 1 view .LVU89
 167:Core/Src/main.c **** 
 462              		.loc 1 167 22 is_stmt 0 view .LVU90
 463 000e 0023     		movs	r3, #0
 464 0010 0393     		str	r3, [sp, #12]
 465 0012 0493     		str	r3, [sp, #16]
 466 0014 0593     		str	r3, [sp, #20]
 467 0016 0693     		str	r3, [sp, #24]
 468 0018 0793     		str	r3, [sp, #28]
 171:Core/Src/main.c ****   __HAL_PWR_VOLTAGESCALING_CONFIG(PWR_REGULATOR_VOLTAGE_SCALE1);
 469              		.loc 1 171 3 is_stmt 1 view .LVU91
 470              	.LBB8:
 171:Core/Src/main.c ****   __HAL_PWR_VOLTAGESCALING_CONFIG(PWR_REGULATOR_VOLTAGE_SCALE1);
 471              		.loc 1 171 3 view .LVU92
 472 001a 0193     		str	r3, [sp, #4]
 171:Core/Src/main.c ****   __HAL_PWR_VOLTAGESCALING_CONFIG(PWR_REGULATOR_VOLTAGE_SCALE1);
 473              		.loc 1 171 3 view .LVU93
 474 001c 184A     		ldr	r2, .L42
 475 001e 116C     		ldr	r1, [r2, #64]
ARM GAS  /tmp/ccaH4Grf.s 			page 33


 476 0020 41F08051 		orr	r1, r1, #268435456
 477 0024 1164     		str	r1, [r2, #64]
 171:Core/Src/main.c ****   __HAL_PWR_VOLTAGESCALING_CONFIG(PWR_REGULATOR_VOLTAGE_SCALE1);
 478              		.loc 1 171 3 view .LVU94
 479 0026 126C     		ldr	r2, [r2, #64]
 480 0028 02F08052 		and	r2, r2, #268435456
 481 002c 0192     		str	r2, [sp, #4]
 171:Core/Src/main.c ****   __HAL_PWR_VOLTAGESCALING_CONFIG(PWR_REGULATOR_VOLTAGE_SCALE1);
 482              		.loc 1 171 3 view .LVU95
 483 002e 019A     		ldr	r2, [sp, #4]
 484              	.LBE8:
 171:Core/Src/main.c ****   __HAL_PWR_VOLTAGESCALING_CONFIG(PWR_REGULATOR_VOLTAGE_SCALE1);
 485              		.loc 1 171 3 view .LVU96
 172:Core/Src/main.c **** 
 486              		.loc 1 172 3 view .LVU97
 487              	.LBB9:
 172:Core/Src/main.c **** 
 488              		.loc 1 172 3 view .LVU98
 489 0030 0293     		str	r3, [sp, #8]
 172:Core/Src/main.c **** 
 490              		.loc 1 172 3 view .LVU99
 491 0032 144A     		ldr	r2, .L42+4
 492 0034 1168     		ldr	r1, [r2]
 493 0036 41F48041 		orr	r1, r1, #16384
 494 003a 1160     		str	r1, [r2]
 172:Core/Src/main.c **** 
 495              		.loc 1 172 3 view .LVU100
 496 003c 1268     		ldr	r2, [r2]
 497 003e 02F48042 		and	r2, r2, #16384
 498 0042 0292     		str	r2, [sp, #8]
 172:Core/Src/main.c **** 
 499              		.loc 1 172 3 view .LVU101
 500 0044 029A     		ldr	r2, [sp, #8]
 501              	.LBE9:
 172:Core/Src/main.c **** 
 502              		.loc 1 172 3 view .LVU102
 177:Core/Src/main.c ****   RCC_OscInitStruct.HSIState = RCC_HSI_ON;
 503              		.loc 1 177 3 view .LVU103
 177:Core/Src/main.c ****   RCC_OscInitStruct.HSIState = RCC_HSI_ON;
 504              		.loc 1 177 36 is_stmt 0 view .LVU104
 505 0046 0222     		movs	r2, #2
 506 0048 0892     		str	r2, [sp, #32]
 178:Core/Src/main.c ****   RCC_OscInitStruct.HSICalibrationValue = RCC_HSICALIBRATION_DEFAULT;
 507              		.loc 1 178 3 is_stmt 1 view .LVU105
 178:Core/Src/main.c ****   RCC_OscInitStruct.HSICalibrationValue = RCC_HSICALIBRATION_DEFAULT;
 508              		.loc 1 178 30 is_stmt 0 view .LVU106
 509 004a 0122     		movs	r2, #1
 510 004c 0B92     		str	r2, [sp, #44]
 179:Core/Src/main.c ****   RCC_OscInitStruct.PLL.PLLState = RCC_PLL_NONE;
 511              		.loc 1 179 3 is_stmt 1 view .LVU107
 179:Core/Src/main.c ****   RCC_OscInitStruct.PLL.PLLState = RCC_PLL_NONE;
 512              		.loc 1 179 41 is_stmt 0 view .LVU108
 513 004e 1022     		movs	r2, #16
 514 0050 0C92     		str	r2, [sp, #48]
 180:Core/Src/main.c ****   if (HAL_RCC_OscConfig(&RCC_OscInitStruct) != HAL_OK)
 515              		.loc 1 180 3 is_stmt 1 view .LVU109
 180:Core/Src/main.c ****   if (HAL_RCC_OscConfig(&RCC_OscInitStruct) != HAL_OK)
ARM GAS  /tmp/ccaH4Grf.s 			page 34


 516              		.loc 1 180 34 is_stmt 0 view .LVU110
 517 0052 0E93     		str	r3, [sp, #56]
 181:Core/Src/main.c ****   {
 518              		.loc 1 181 3 is_stmt 1 view .LVU111
 181:Core/Src/main.c ****   {
 519              		.loc 1 181 7 is_stmt 0 view .LVU112
 520 0054 08A8     		add	r0, sp, #32
 521 0056 FFF7FEFF 		bl	HAL_RCC_OscConfig
 522              	.LVL28:
 181:Core/Src/main.c ****   {
 523              		.loc 1 181 6 discriminator 1 view .LVU113
 524 005a 68B9     		cbnz	r0, .L40
 188:Core/Src/main.c ****                               |RCC_CLOCKTYPE_PCLK1|RCC_CLOCKTYPE_PCLK2;
 525              		.loc 1 188 3 is_stmt 1 view .LVU114
 188:Core/Src/main.c ****                               |RCC_CLOCKTYPE_PCLK1|RCC_CLOCKTYPE_PCLK2;
 526              		.loc 1 188 31 is_stmt 0 view .LVU115
 527 005c 0F23     		movs	r3, #15
 528 005e 0393     		str	r3, [sp, #12]
 190:Core/Src/main.c ****   RCC_ClkInitStruct.AHBCLKDivider = RCC_SYSCLK_DIV1;
 529              		.loc 1 190 3 is_stmt 1 view .LVU116
 190:Core/Src/main.c ****   RCC_ClkInitStruct.AHBCLKDivider = RCC_SYSCLK_DIV1;
 530              		.loc 1 190 34 is_stmt 0 view .LVU117
 531 0060 0021     		movs	r1, #0
 532 0062 0491     		str	r1, [sp, #16]
 191:Core/Src/main.c ****   RCC_ClkInitStruct.APB1CLKDivider = RCC_HCLK_DIV1;
 533              		.loc 1 191 3 is_stmt 1 view .LVU118
 191:Core/Src/main.c ****   RCC_ClkInitStruct.APB1CLKDivider = RCC_HCLK_DIV1;
 534              		.loc 1 191 35 is_stmt 0 view .LVU119
 535 0064 0591     		str	r1, [sp, #20]
 192:Core/Src/main.c ****   RCC_ClkInitStruct.APB2CLKDivider = RCC_HCLK_DIV1;
 536              		.loc 1 192 3 is_stmt 1 view .LVU120
 192:Core/Src/main.c ****   RCC_ClkInitStruct.APB2CLKDivider = RCC_HCLK_DIV1;
 537              		.loc 1 192 36 is_stmt 0 view .LVU121
 538 0066 0691     		str	r1, [sp, #24]
 193:Core/Src/main.c **** 
 539              		.loc 1 193 3 is_stmt 1 view .LVU122
 193:Core/Src/main.c **** 
 540              		.loc 1 193 36 is_stmt 0 view .LVU123
 541 0068 0791     		str	r1, [sp, #28]
 195:Core/Src/main.c ****   {
 542              		.loc 1 195 3 is_stmt 1 view .LVU124
 195:Core/Src/main.c ****   {
 543              		.loc 1 195 7 is_stmt 0 view .LVU125
 544 006a 03A8     		add	r0, sp, #12
 545 006c FFF7FEFF 		bl	HAL_RCC_ClockConfig
 546              	.LVL29:
 195:Core/Src/main.c ****   {
 547              		.loc 1 195 6 discriminator 1 view .LVU126
 548 0070 20B9     		cbnz	r0, .L41
 199:Core/Src/main.c **** 
 549              		.loc 1 199 1 view .LVU127
 550 0072 15B0     		add	sp, sp, #84
 551              	.LCFI9:
 552              		.cfi_remember_state
 553              		.cfi_def_cfa_offset 4
 554              		@ sp needed
 555 0074 5DF804FB 		ldr	pc, [sp], #4
ARM GAS  /tmp/ccaH4Grf.s 			page 35


 556              	.L40:
 557              	.LCFI10:
 558              		.cfi_restore_state
 183:Core/Src/main.c ****   }
 559              		.loc 1 183 5 is_stmt 1 view .LVU128
 560 0078 FFF7FEFF 		bl	Error_Handler
 561              	.LVL30:
 562              	.L41:
 197:Core/Src/main.c ****   }
 563              		.loc 1 197 5 view .LVU129
 564 007c FFF7FEFF 		bl	Error_Handler
 565              	.LVL31:
 566              	.L43:
 567              		.align	2
 568              	.L42:
 569 0080 00380240 		.word	1073887232
 570 0084 00700040 		.word	1073770496
 571              		.cfi_endproc
 572              	.LFE140:
 574              		.section	.rodata.main.str1.4,"aMS",%progbits,1
 575              		.align	2
 576              	.LC0:
 577 0000 64656661 		.ascii	"default\000"
 577      756C7400 
 578              		.align	2
 579              	.LC1:
 580 0008 6C656400 		.ascii	"led\000"
 581              		.align	2
 582              	.LC2:
 583 000c 62757474 		.ascii	"button\000"
 583      6F6E00
 584              		.section	.text.main,"ax",%progbits
 585              		.align	1
 586              		.global	main
 587              		.syntax unified
 588              		.thumb
 589              		.thumb_func
 591              	main:
 592              	.LFB139:
  78:Core/Src/main.c **** 
 593              		.loc 1 78 1 view -0
 594              		.cfi_startproc
 595              		@ Volatile: function does not return.
 596              		@ args = 0, pretend = 0, frame = 0
 597              		@ frame_needed = 0, uses_anonymous_args = 0
 598 0000 00B5     		push	{lr}
 599              	.LCFI11:
 600              		.cfi_def_cfa_offset 4
 601              		.cfi_offset 14, -4
 602 0002 83B0     		sub	sp, sp, #12
 603              	.LCFI12:
 604              		.cfi_def_cfa_offset 16
  87:Core/Src/main.c **** 
 605              		.loc 1 87 3 view .LVU131
 606 0004 FFF7FEFF 		bl	HAL_Init
 607              	.LVL32:
  94:Core/Src/main.c **** 
ARM GAS  /tmp/ccaH4Grf.s 			page 36


 608              		.loc 1 94 3 view .LVU132
 609 0008 FFF7FEFF 		bl	SystemClock_Config
 610              	.LVL33:
 101:Core/Src/main.c ****   /* USER CODE BEGIN 2 */
 611              		.loc 1 101 3 view .LVU133
 612 000c FFF7FEFF 		bl	MX_GPIO_Init
 613              	.LVL34:
 135:Core/Src/main.c ****   xTaskCreate(ledFlashTask, "led", configMINIMAL_STACK_SIZE, 128, 0, &ledHandle);
 614              		.loc 1 135 3 view .LVU134
 615 0010 0F4B     		ldr	r3, .L47
 616 0012 0193     		str	r3, [sp, #4]
 617 0014 0024     		movs	r4, #0
 618 0016 0094     		str	r4, [sp]
 619 0018 8023     		movs	r3, #128
 620 001a 1A46     		mov	r2, r3
 621 001c 0D49     		ldr	r1, .L47+4
 622 001e 0E48     		ldr	r0, .L47+8
 623 0020 FFF7FEFF 		bl	xTaskCreate
 624              	.LVL35:
 136:Core/Src/main.c ****   xTaskCreate(buttonClickTask, "button", configMINIMAL_STACK_SIZE, 128, 0, &buttonHandle);
 625              		.loc 1 136 3 view .LVU135
 626 0024 0D4B     		ldr	r3, .L47+12
 627 0026 0193     		str	r3, [sp, #4]
 628 0028 0094     		str	r4, [sp]
 629 002a 8023     		movs	r3, #128
 630 002c 1A46     		mov	r2, r3
 631 002e 0C49     		ldr	r1, .L47+16
 632 0030 0C48     		ldr	r0, .L47+20
 633 0032 FFF7FEFF 		bl	xTaskCreate
 634              	.LVL36:
 137:Core/Src/main.c **** 
 635              		.loc 1 137 3 view .LVU136
 636 0036 0C4B     		ldr	r3, .L47+24
 637 0038 0193     		str	r3, [sp, #4]
 638 003a 0094     		str	r4, [sp]
 639 003c 8023     		movs	r3, #128
 640 003e 1A46     		mov	r2, r3
 641 0040 0A49     		ldr	r1, .L47+28
 642 0042 0B48     		ldr	r0, .L47+32
 643 0044 FFF7FEFF 		bl	xTaskCreate
 644              	.LVL37:
 145:Core/Src/main.c **** 
 645              		.loc 1 145 3 view .LVU137
 646 0048 FFF7FEFF 		bl	vTaskStartScheduler
 647              	.LVL38:
 648              	.L45:
 151:Core/Src/main.c ****   {
 649              		.loc 1 151 3 view .LVU138
 156:Core/Src/main.c ****   /* USER CODE END 3 */
 650              		.loc 1 156 3 view .LVU139
 151:Core/Src/main.c ****   {
 651              		.loc 1 151 9 view .LVU140
 652 004c FEE7     		b	.L45
 653              	.L48:
 654 004e 00BF     		.align	2
 655              	.L47:
 656 0050 00000000 		.word	defaultTaskHandle
ARM GAS  /tmp/ccaH4Grf.s 			page 37


 657 0054 00000000 		.word	.LC0
 658 0058 00000000 		.word	StartDefaultTask
 659 005c 00000000 		.word	ledHandle
 660 0060 08000000 		.word	.LC1
 661 0064 00000000 		.word	ledFlashTask
 662 0068 00000000 		.word	buttonHandle
 663 006c 0C000000 		.word	.LC2
 664 0070 00000000 		.word	buttonClickTask
 665              		.cfi_endproc
 666              	.LFE139:
 668              		.global	buttonCount
 669              		.section	.bss.buttonCount,"aw",%nobits
 670              		.align	2
 673              	buttonCount:
 674 0000 00000000 		.space	4
 675              		.global	buttonHandle
 676              		.section	.bss.buttonHandle,"aw",%nobits
 677              		.align	2
 680              	buttonHandle:
 681 0000 00000000 		.space	4
 682              		.global	ledHandle
 683              		.section	.bss.ledHandle,"aw",%nobits
 684              		.align	2
 687              	ledHandle:
 688 0000 00000000 		.space	4
 689              		.global	defaultTaskHandle
 690              		.section	.bss.defaultTaskHandle,"aw",%nobits
 691              		.align	2
 694              	defaultTaskHandle:
 695 0000 00000000 		.space	4
 696              		.text
 697              	.Letext0:
 698              		.file 3 "/usr/lib/gcc/arm-none-eabi/13.2.1/include/stdint.h"
 699              		.file 4 "Drivers/CMSIS/Device/ST/STM32F4xx/Include/stm32f407xx.h"
 700              		.file 5 "Drivers/STM32F4xx_HAL_Driver/Inc/stm32f4xx_hal_def.h"
 701              		.file 6 "Drivers/STM32F4xx_HAL_Driver/Inc/stm32f4xx_hal_rcc_ex.h"
 702              		.file 7 "Drivers/STM32F4xx_HAL_Driver/Inc/stm32f4xx_hal_rcc.h"
 703              		.file 8 "Drivers/STM32F4xx_HAL_Driver/Inc/stm32f4xx_hal_gpio.h"
 704              		.file 9 "Drivers/STM32F4xx_HAL_Driver/Inc/stm32f4xx_hal_dma.h"
 705              		.file 10 "Drivers/STM32F4xx_HAL_Driver/Inc/stm32f4xx_hal_tim.h"
 706              		.file 11 "Middlewares/Third_Party/FreeRTOS/Source/include/projdefs.h"
 707              		.file 12 "Middlewares/Third_Party/FreeRTOS/Source/portable/GCC/ARM_CM4F/portmacro.h"
 708              		.file 13 "Middlewares/Third_Party/FreeRTOS/Source/include/task.h"
 709              		.file 14 "Middlewares/Third_Party/FreeRTOS/Source/CMSIS_RTOS/cmsis_os.h"
 710              		.file 15 "Drivers/STM32F4xx_HAL_Driver/Inc/stm32f4xx_hal.h"
 711              		.file 16 "<built-in>"
ARM GAS  /tmp/ccaH4Grf.s 			page 38


DEFINED SYMBOLS
                            *ABS*:00000000 main.c
     /tmp/ccaH4Grf.s:21     .text.MX_GPIO_Init:00000000 $t
     /tmp/ccaH4Grf.s:26     .text.MX_GPIO_Init:00000000 MX_GPIO_Init
     /tmp/ccaH4Grf.s:132    .text.MX_GPIO_Init:00000070 $d
     /tmp/ccaH4Grf.s:139    .text.StartDefaultTask:00000000 $t
     /tmp/ccaH4Grf.s:145    .text.StartDefaultTask:00000000 StartDefaultTask
     /tmp/ccaH4Grf.s:172    .text.ledFlashTask:00000000 $t
     /tmp/ccaH4Grf.s:178    .text.ledFlashTask:00000000 ledFlashTask
     /tmp/ccaH4Grf.s:219    .text.ledFlashTask:00000024 $d
     /tmp/ccaH4Grf.s:224    .text.ledFlashTask:00000038 $t
     /tmp/ccaH4Grf.s:272    .text.ledFlashTask:00000088 $d
     /tmp/ccaH4Grf.s:673    .bss.buttonCount:00000000 buttonCount
     /tmp/ccaH4Grf.s:278    .text.buttonClickTask:00000000 $t
     /tmp/ccaH4Grf.s:284    .text.buttonClickTask:00000000 buttonClickTask
     /tmp/ccaH4Grf.s:346    .text.buttonClickTask:00000038 $d
     /tmp/ccaH4Grf.s:352    .text.HAL_TIM_PeriodElapsedCallback:00000000 $t
     /tmp/ccaH4Grf.s:358    .text.HAL_TIM_PeriodElapsedCallback:00000000 HAL_TIM_PeriodElapsedCallback
     /tmp/ccaH4Grf.s:392    .text.HAL_TIM_PeriodElapsedCallback:00000014 $d
     /tmp/ccaH4Grf.s:397    .text.Error_Handler:00000000 $t
     /tmp/ccaH4Grf.s:403    .text.Error_Handler:00000000 Error_Handler
     /tmp/ccaH4Grf.s:435    .text.SystemClock_Config:00000000 $t
     /tmp/ccaH4Grf.s:441    .text.SystemClock_Config:00000000 SystemClock_Config
     /tmp/ccaH4Grf.s:569    .text.SystemClock_Config:00000080 $d
     /tmp/ccaH4Grf.s:575    .rodata.main.str1.4:00000000 $d
     /tmp/ccaH4Grf.s:585    .text.main:00000000 $t
     /tmp/ccaH4Grf.s:591    .text.main:00000000 main
     /tmp/ccaH4Grf.s:656    .text.main:00000050 $d
     /tmp/ccaH4Grf.s:694    .bss.defaultTaskHandle:00000000 defaultTaskHandle
     /tmp/ccaH4Grf.s:687    .bss.ledHandle:00000000 ledHandle
     /tmp/ccaH4Grf.s:680    .bss.buttonHandle:00000000 buttonHandle
     /tmp/ccaH4Grf.s:670    .bss.buttonCount:00000000 $d
     /tmp/ccaH4Grf.s:677    .bss.buttonHandle:00000000 $d
     /tmp/ccaH4Grf.s:684    .bss.ledHandle:00000000 $d
     /tmp/ccaH4Grf.s:691    .bss.defaultTaskHandle:00000000 $d

UNDEFINED SYMBOLS
HAL_GPIO_WritePin
HAL_GPIO_Init
osDelay
vTaskDelay
HAL_GPIO_TogglePin
HAL_GPIO_ReadPin
HAL_IncTick
memset
HAL_RCC_OscConfig
HAL_RCC_ClockConfig
HAL_Init
xTaskCreate
vTaskStartScheduler
